Vendor,Category,Item,Quantity
Veritable Vegetable,Produce,"Banana, 1 each",1971
Veritable Vegetable,Produce,"Avocado, 1 each",729
Veritable Vegetable,Produce,"Fingerling Potatoes, 16 oz",672
Heath & LeJeune,Produce,"Table Carrot, 1 each",651
Heath & LeJeune,Produce,"Fuji Apple, 1 each",475
Veritable Vegetable,Produce,"Blueberries, 1/2 pint",465
Earl's Organic Produce,Produce,"Pink Lady Apple, 1 each",439
Heath & LeJeune,Produce,"Honeycrisp Apple, 1 each",391
Heath & LeJeune,Produce,"Yellow Onion, 1 each",389
Veritable Vegetable,Produce,"Lemon, 1 each",349
Earl's Organic Produce,Produce,"Lime, 1 each",324
Heath & LeJeune,Produce,"Zucchini, 1 each",320
Heath & LeJeune,Produce,"Persian Cucumbers, 1 each",310
Earl's Organic Produce,Produce,"Broccoli Crown, 1 lb",297
Earl's Organic Produce,Produce,"Navel Orange, 1 lb",287
Heath & LeJeune,Produce,"Baby Spinach, 6 oz",281
Mike Hudson,Dairy,"Organic Cage Free Brown Eggs, 1 dozen",267
Heath & LeJeune,Produce,"Tangerines, 1 lb",245
Heath & LeJeune,Produce,"Strawberries, 1 pint",239
Earl's Organic Produce,Produce,"Red Pear, 1 each",234
Veritable Vegetable,Produce,"Cucumber, 1 each",232
Heath & LeJeune,Produce,"Red Bell Pepper, 1 each",210
Alice Collective,Prepared,"Fresh Firm Tofu, 12 oz",209
Heath & LeJeune,Produce,"Blackberries, 1/2 pint",208
Heath & LeJeune,Produce,"Mixed Medley Cherry Tomatoes, 8 oz",204
Heath & LeJeune,Produce,"Garlic, 1 each",197
Veritable Vegetable,Produce,"Crimini Mushroom, 8 oz",189
Veritable Vegetable,Produce,"Raspberries, 1/2 pint",185
Heath & LeJeune,Produce,"Kiwi, 1 lb",180
Veritable Vegetable,Produce,"Green Onion (Scallions), 1 bunch",179
Earl's Organic Produce,Produce,"Vine Tomatoes, 1 lb",176
Earl's Organic Produce,Produce,"Lacinato (Dinosaur) Kale, 1 each",160
Veritable Vegetable,Produce,"Red Sweet Potato, 1 lb",157
VC Foods,Dairy,"Cage Free Eggs, 1 dozen",156
Heath & LeJeune,Produce,"Arugula, 6 oz",141
Earl's Organic Produce,Produce,"Russet Potato, 1 lb",138
Heath & LeJeune,Produce,"Red Onion, 1 each",137
Veritable Vegetable,Produce,"Mango, 1 each",136
Veritable Vegetable,Produce,"Shallot, 1 each",136
Earl's Organic Produce,Produce,"Jalapeno, 1 each",131
Earl's Organic Produce,Produce,"Green Kale Bunch, 1 each",131
Earl's Organic Produce,Produce,"Orange Bell Pepper, 1 each",130
Earl's Organic Produce,Produce,"Cilantro, 1 bunch",123
Earl's Organic Produce,Produce,"Romaine Lettuce Head, 1 each",122
UNFI,Dry,"Dried Mango, 5 oz",117
Earl's Organic Produce,Produce,"Gold Potatoes, 1 lb",113
Earl's Organic Produce,Produce,"Celery, 1 each",112
Heath & LeJeune,Produce,"Baby Bok Choy, 1 lb",110
Earl's Organic Produce,Produce,"Green Bell Pepper, 1 each",110
Rosa Brothers Milk Company,Dairy,"Whole Milk, 1/2 gallon",108
Veritable Vegetable,Produce,"Grapefruit, 1 each",108
Alice Collective,Cheese,"Shredded Cheddar, 7 oz",106
Veritable Vegetable,Produce,"Ginger Root, 1 each",106
Heath & LeJeune,Produce,"Brussel Sprouts, 1 lb",105
Heath & LeJeune,Produce,"Carrot Bunch, 1 each",101
Heath & LeJeune,Produce,"Green Beans, 16 oz",101
Plant Paper,Dry,"Bamboo Toilet Paper, 1 each",98
Veritable Vegetable,Produce,"Cauliflower, 1 each",98
Earl's Organic Produce,Produce,"Broccolini Bunch, 1 each",95
Earl's Organic Produce,Produce,"Red Leaf Lettuce, 1 each",93
Boichik,Frozen,"Everything Bagel, 1 each",92
Chef's Warehouse,Dry,"Extra Virgin Olive Oil, 16 oz",92
La Princesita,Cold,"Flour Tortillas 8 in, 1 dozen",89
Chef's Warehouse,Dry,"Original Croccantini Artisan Crackers, 5 oz",85
Plant Paper,Dry,"Bamboo Toilet Paper, 8 pack",83
UNFI,Dry,"Sparkling Mineral Water, 25.3 oz",82
Veritable Vegetable,Produce,"Basil, 1 bunch",82
Veritable Vegetable,Produce,"Shiitake Mushrooms, 8 oz",80
Nuts.com,Dry,"Peanut Butter Pretzels, 6 oz",79
Earl's Organic Produce,Produce,"Italian Parsley, 1 bunch",75
Heath & LeJeune,Produce,"Asparagus, 1 lb",75
Alice Collective,Meat,"Boneless Skinless Chicken Thighs, 1 lb",73
Dairy Delivery,Dairy,"Cream Top 2% Reduced Fat Milk, 1/2 gallon",72
Aris Natural Foods,Prepared,"Plain Hummus, 8 oz",69
La Princesita,Dry,"Yellow Corn Tortilla Chips, 6 oz",68
Earl's Organic Produce,Produce,"Green Cabbage, 1 each",68
Four Star Seafood,Seafood,"Atlantic Salmon Fillet, 16 oz",67
Earl's Organic Produce,Produce,"Serrano Pepper, 1 each",65
Starter Bakery,Dry,"Sourdough Bread, 1 each",65
Alice Collective,Meat,"Grated Parmesan, 6 oz",63
Alice Collective,Cheese,"Mozzarella, 8 oz",63
Dairy Delivery,Dairy,"Plain Yogurt, 23 oz",63
Chef's Warehouse,Dry,"Spaghetti, 16 oz",62
Boichik,Frozen,"Plain Bagel, 1 each",62
Alice Collective,Cheese,"Cream Cheese, 8 oz",62
Alice Collective,Meat,"Boneless Skinless Chicken Breast, 1 lb",61
Alice Collective,Cheese,"Extra Sharp Cheddar Cheese, 7 oz",60
Rosa Brothers Milk Company,Dairy,"Reduced Fat Milk, 1/2 gallon",59
UNFI,Dry,"Shelled Walnut Halves and Pieces, 7 oz",58
Coombs Family Farms,Cold,"Grade A Dark Robust Maple Syrup, 12 oz",58
Zero Kitchen,Prepared,"Broccoli Florets, 10 oz",55
Veritable Vegetable,Produce,"Japanese Sweet Potatoes, 1 Ib",55
Earl's Organic Produce,Produce,"White Mushrooms, 8 oz",54
Heath & LeJeune,Produce,"Eggplant, 1 each",54
Alice Collective,Cheese,"California Premium Shredded Monterey Jack Cheese, 7 oz",54
Nuts.com,Dry,"Cheddar Whales, 11 oz",53
Dairy Delivery,Dairy,"Heavy Whipping Cream, 1 pint",53
Alice Collective,Dairy,"Sonoma Sour Cream, 8 oz",53
Dairy Delivery,Dairy,"Half & Half, 1 pint",53
Boichik,Frozen,"Sesame Bagel, 1 each",52
Chef's Warehouse,Dry,"Original Granola, 8 oz",52
Alice Collective,Cheese,"Feta Crumbled Cheese, 4.5 oz",52
La Princesita,Dry,"Blue Corn Tortilla Chips, 6 oz",52
Dairy Delivery,Dairy,"Cream Top Whole Milk, 1/2 gallon",51
Starter Bakery,Bakery,"Multigrain Sourdough Pan Loaf, 40 oz",51
UNFI,Dry,"Medjool Dates, 10 oz",50
Chef's Warehouse,Dry,"Creamy Peanut Butter, 12 oz",50
Aris Natural Foods,Dry,"Plain Pita Chips, 8 oz",49
Zero Kitchen,Prepared,"Fresh Squeezed Orange Juice, 32 oz",49
Aris Natural Foods,Dairy,"Lemon Greek Kefir Yogurt, 8 oz",48
Central Milling,Dry,"Regular Rolled Oats, 14 oz",47
Heath & LeJeune,Produce,"Rainbow Chard, 1 bunch",47
Chef's Warehouse,Dry,"All Purpose Flour, 22 oz",47
UNFI,Dry,"Black Beans, 15 oz",47
Good Stuff,Cold,"Synergy Trilogy Kombucha, 16 oz",46
Aris Natural Foods,Dairy,"Plain Greek Kefir Yogurt, 8 oz",46
Alice Collective,Meat,"Turkey Breast, 8 oz",46
Alice Collective,Cheese,"Salad Blend Shaved Cheese (Asiago, Romano, and Parmesan), 5 oz",45
Christie's Chips,Dry,"Sour Cream + Wild Onion Potato Chips, 7 oz",44
Chef's Warehouse,Dry,"Sushi Rice, 26 oz",44
Good Stuff,Cold,"Morning Glory Kombucha, 16 oz",43
Veritable Vegetable,Produce,"Delicata Squash, 1 lb",43
Bi Rite,Dry,"Honey Nut Cheerios, 11.5 oz",43
Mike Hudson,Dairy,"Unsalted Butter, 8 oz",42
Premier Meats,Meat,"Boneless Skinless Chicken Breast- CA Free Range, 1 lb",42
Bi Rite,Dry,"Cinnamon Toast Crunch, 13 oz",41
Veritable Vegetable,Produce,"White Onion, 1 each",41
UNFI,Dry,"Garbanzo Beans, 15 oz",41
Nuts.com,Dry,"Chex Mix, 8 oz",41
Premier Meats,Meat,"Boneless Skinless Chicken Thighs- CA Free Range, 1 lb",41
Boichik,Frozen,"Cinnamon Raisin Bagel, 1 each",40
UNFI,Dry,"French Vanilla Almond Granola, 7 oz",40
Alice Collective,Cheese,"Atalanta Sliced Havarti Cheese, 8 oz",40
Veritable Vegetable,Produce,"Dill, 1 bunch",40
Alice Collective,Meat,"Applewood Smoked Bacon, 1 lb",40
Alice Collective,Cheese,"Sliced Swiss Cheese, 8 oz",40
UNFI,Dry,"Organic Cane Sugar, 15 oz",39
Aris Natural Foods,Prepared,"Spicy Black Bean Hummus, 8 oz",39
Sadaf,Dry,"Extra Long Basmati Sella Rice, 13 oz",38
Christie's Chips,Dry,"Sea Salt Potato Chips, 7 oz",38
Alice Collective,Cheese,"Sliced Pepper Jack Cheese, 8 oz",38
Ohana Bros,Dry,"White Cheddar Popcorn, 4 oz",37
Central Milling,Dry,"41% Semi-Sweet Cookie Drops, 12 oz",37
UNFI,Dry,"Raw Whole Cashews, 9 oz",37
UNFI,Dry,"Roasted & Salted Pistachios, 6 oz",36
Riverview Orchard,Dry,"Creamy Almond Butter, 12 oz",35
Rosa Brothers Milk Company,Dairy,"Whole Milk, 1 quart",35
UNFI,Dry,"Canola Oil, 16 oz",34
Mike Hudson,Dairy,"Salted Butter, 8 oz",34
Ohana Bros,Dry,"Kettle Corn, 2.5 oz",34
Ohana Bros,Dry,"Thyme Herb Potato Chips, 7 oz",34
Premier Meats,Meat,"Mary's Ground Turkey, 1 lb",34
Chef's Warehouse,Dry,"Honey, 16oz",34
Alice Collective,Meat,"Rotisserie Chicken Breast, 8 oz",34
Alice Collective,Meat,"Black Forest Ham, 8 oz",33
UNFI,Dry,"Lundberg Long Grain White Rice, 13 oz",33
Bulk Green Cleaners,Dry,"Dishmate Hypoallergenic Grapefruit Dish Soap, 8 oz",33
Chef's Warehouse,Dry,"Penne Rigatte, 22 oz",33
Aris Natural Foods,Frozen,"Frozen Mango, 16 oz",33
Ital Foods,Dry,"Whole Peeled Tomatoes, 28 oz",33
Veritable Vegetable,Produce,"Portobello Mushroom, 8 oz",33
Chef's Warehouse,Dry,"Torchio, 9 oz",32
Starter Bakery,Bakery,"Cherry Almond Coffee Cake, 1 each",31
Alice Collective,Meat,"Ground Beef, 1 lb",31
Rosa Brothers Milk Company,Dairy,"Skim Milk, 1/2 gallon",30
UNFI,Dry,"Whole Raw Almonds, 9 oz",30
Central Milling,Dry,"Quick Oats, 14 oz",29
Tierra Farm,Dry,"Coconut Chips (Flakes), 3 oz",29
Planted Table,Frozen,"Vegan Portobello Mushroom Tamale, 1 each",29
Bulk Green Cleaners,Dry,"Magnolia & Lily Hypoallergenic Laundry Detergent, 16 oz",29
Earl's Organic Produce,Produce,"Spearmint, 1 bunch",29
Heath & LeJeune,Produce,"Red Beets, 1 bunch",29
Alice Collective,Meat,"Peppered Turkey Breast, 8 oz",29
Alice Collective,Meat,"Prosciutto, 4 oz",29
Ital Foods,Dry,"Crushed Tomatoes, 28 oz",28
Aris Natural Foods,Frozen,"Frozen Strawberries, 16 oz",28
Chef's Warehouse,Dry,"Farro, 23 oz",28
Planted Table,Frozen,"Vegan Veggie and Black Bean Tamale, 1 each",28
Starter Bakery,Bakery,"Croissant, 1 each",28
Farm Shop,Bakery,"Sourdough Country Loaf, 1 each",28
12 Tides,Dry,"Sea Salt Puffed Kelp Chips, 3.5 oz",28
Who Gives a Crap,Dry,"Premium Bamboo Paper Towel Roll, 1 each",28
Dairy Delivery,Dairy,"French Vanilla Yogurt, 23 oz",28
Good Stuff,Cold,"Ginger Boost Kombucha, 16 oz",27
UNFI,Dry,"Unsweetened Coconut Milk, 13.5 oz",27
Zero Kitchen,Prepared,"Cubed Butternut Squash with Thyme, 18 oz",26
Alice Collective,Prepared,"Lemon Rice, 8 oz",26
Alice Collective,Prepared,"Tomato Basil Soup, 1 portion",26
Alice Collective,Cheese,"Pecorino Romano, 7 oz",26
Renewal Mill,Dry,"Dark Chocolate Brownie Mix, 23 oz",26
Chef's Warehouse,Dry,"Rigatoni, 20 oz",26
UNFI,Dry,"Short Grain Brown Rice, 26 oz",26
Aris Natural Foods,Dairy,"Fig Greek Kefir Yogurt, 8 oz",26
Aris Natural Foods,Frozen,"Frozen Blueberries, 16 oz",26
UNFI,Dry,"Roasted and Salted Mixed Nuts, 9 oz",26
Zero Kitchen,Prepared,"Trimmed Green Beans, 11 oz",25
Tierra Farm,Dry,"Pumpkin Seeds, 10 oz",25
Alice Collective,Frozen,"Frozen Blueberries Jar, 16 oz",25
Zero Kitchen,Prepared,"Peeled Garlic, 8 oz",25
Ohana Bros,Dry,"Luau Honey BBQ Potato Chips, 7 oz",25
Alice Collective,Cheese,"Manchego Cheese Aged 3 Months, 7 oz",25
UNFI,Dry,"Dry Roasted Peanuts, 10 oz",25
Alice Collective,Frozen,"Wild Mushroom Ravioli, 11.5 oz",25
Kaze Cheese,Dry,"Cheddar Bites, 6oz",24
Alice Collective,Meat,"Natural Ground Turkey, 1 lb",24
Dairy Delivery,Cold,"Hemp Peach, 16 oz",24
UNFI,Dry,"Dark Chocolate Covered Almonds, 11 oz",24
UNFI,Dry,"Once Again Creamy Peanut Butter, 12 oz",24
Dairy Delivery,Dairy,"Unsalted Butter, 1 lb",24
Bi Rite,Dry,"Ketchup, 12 oz",24
Nuts.com,Dry,"Sourdough Pretzel Nuggets, 6 oz",24
UNFI,Dry,"Heritage O's, 16 oz",24
Good Stuff,Dry,"Organic Light Roast Crunchy Peanut Butter, 16 oz",24
Alice Collective,Meat,"Whole Chicken, 2.5-3lbs",24
Dairy Delivery,Cold,"Lavender Lemonade, 16 oz",24
La Princesita,Cold,"Yellow Corn Tortillas, 1 dozen",23
UNFI,Dry,"Apple Juice, 32 oz",23
UNFI,Dry,"Heirloom Udon Noodle, 16 oz",23
Sightglass Coffee,Dry,"Blueboon Whole Bean, 12 oz",23
Chef's Warehouse,Dry,"Linguine, 16 oz",22
UNFI,Dry,"Sparkling Water, 1 liter",22
Nuts.com,Dry,"Dried Apple, 4 oz",22
Happy Moose Juice,Cold,"California Orange Juice, 32 oz",22
Dairy Delivery,Dairy,"Probiotic Plain Goat Milk Yogurt, 4.75 oz",22
BiteMe,Dry,"Chocolate Chip Tiny Bite Cookies, 8oz",22
Alice Collective,Frozen,"Pork Breakfast Sausage Links, 8 count",22
Dairy Delivery,Dairy,"Salted Butter, 1 lb",22
Tierra Farm,Dry,"Dried Cranberries, 8 oz",21
Starter Bakery,Bakery,"Chocolate Croissant, 1 each",21
Bi Rite,Dry,"Raisin Bran, 17.5 oz",21
Alice Collective,Cheese,"Aged Emmi Gruyere, 7 oz",21
UNFI,Dry,"Dried Apricots, 9 oz",21
UNFI,Dry,"Young Original Jackfruit, 14 oz",21
Heath & LeJeune,Produce,"Butternut Squash, 1 each",21
Ital Foods,Dry,"Tuna Fillets in Spring Water, 6.7 oz",21
International Harvest,Dry,"Pistachio Mulberry Granola, 8 oz",21
Good Roots,Dry,"Wasabi Lotus Chips, 2 oz",21
Zero Kitchen,Prepared,"Riced Cauliflower, 18 oz",21
Dairy Delivery,Cold,"Citrus Hibiscus, 16 oz",21
Alice Collective,Prepared,"Chicken Tikka Masala, 12.5 oz",21
Banza,Dry,"Rotini, 8 oz",21
Proyecto Diaz,Dry,"El Corazon Breakfast Blend Whole Bean, 12 oz",20
Proyecto Diaz,Dry,"Bella Vista Dark Roast Whole Bean Coffee, 12 oz",20
Good Stuff,Cold,"Organic Gingerade Kombucha, 16 oz",20
Tierra Farm,Dry,"Roasted Everything Bagel Cashews, 8 oz",20
Alice Collective,Frozen,"5 Cheese Ravioli, 11.5 oz",20
UNFI,Dry,"Multigrain Flakes, 16 oz",20
UNFI,Dry,"Sparkling Water- Tangerine, 8 pack",20
Round Eye Supply,Dry,"Cheddar Crackers, 10 oz",20
Dairy Delivery,Dairy,"Strawberry Yogurt, 4.75 oz",20
UNFI,Dry,"Black Beans, 24 oz",20
UNFI,Dry,"Pecan Halves, 8 oz",20
Dairy Delivery,Dairy,"Peach Passion Fruit Low Fat Greek Yogurt, 5.3 oz",20
Cult Crackers,Dry,"Crunchy Cassava Gluten Free Crackers, 6 oz",20
CA Snax,Dry,"Parma Kale Chips, 4 oz",20
Good Stuff,Cold,"Citrus Sunrise Kombucha, 16 oz",19
Good Mylk,Alt Dairy,"Super Oat Mylk, 32 oz",19
Dairy Delivery,Dairy,"Creamy Whole Milk Mango Passion Fruit Yogurt, 5.6 oz",19
Dairy Delivery,Dairy,"Cream Top Whole Milk, 1 quart",19
UNFI,Dry,"Organic Tomato Paste, 6 oz",19
Alice Collective,Frozen,"Roasted Butternut Squash Gourmet Ravioli, 10 oz",19
Chef's Warehouse,Dry,"Marcona Almonds, 4.5 oz",19
Alice Collective,Prepared,"Vegetable Madras Curry, 13 oz",19
Alice Collective,Meat,"Shredded Chicken, 12oz",19
Starter Bakery,Bakery,"Baguette, 1 each",19
UNFI,Dry,"Great Northern Beans, 15 oz",19
Planted Table,Frozen,"Vegan Mushroom Chorizo Breakfast Burrito, 1 each",19
UNFI,Dry,"Frontier Co-Op Nutritional Yeast, 5 oz",19
UNFI,Dry,"Banana Chips, 10 oz",19
Papalote,Dry,"Roasted Tomato House Salsa, 15.75 oz",19
Alice Collective,Frozen,"Potato Gnocchi, 16 oz",19
Ital Foods,Dry,"Sardines in Olive Oil A La Antigua Skin On, 6.7 oz",18
Dairy Delivery,Dairy,"Vanilla Bean Low Fat Greek Yogurt, 5.3 oz",18
UNFI,Dry,"Gluten Free Soy Sauce, 10 oz",18
UNFI,Dry,"Mayonnaise, 12 oz",18
UNFI,Dry,"Wasabi Green Peas, 4.5 oz",18
UNFI,Dry,"Salted Sesame Sticks, 6 oz",18
UNFI,Dry,"Refried Beans, 15 oz",18
Chef's Warehouse,Dry,"De Cecco Linguine, 16 oz",18
UNFI,Dry,"Unsweetened Light Coconut Milk, 13.5 oz",18
Tierra Farm,Dry,"Roasted Unsalted Sunflower Seeds, 9 oz",18
Chef's Warehouse,Dry,"Angel Hair Pasta, 16 oz",18
Alice Collective,Frozen,"Frozen Strawberries Jar, 16 oz",17
Butchers Son,Alt Meat & Cheese,"Vegan Parmesan Cheese, 8 oz",17
Good Roots,Dry,"Original Lotus Chips, 2 oz",17
Starter Bakery,Dry,"Wild Blueberry Muffin, 1 each",17
Alice Collective,Prepared,"Broccoli Cheddar Soup, 15.5 oz",17
Ohana Bros,Dry,"Maui Onion Potato Chips, 8 oz",17
Tierra Farm,Dry,"Chia Seeds, 22 oz",17
Zero Kitchen,Prepared,"Diced Onion, 10 oz",17
Starter Bakery,Bakery,"Sliced Pain de Mie Pullman Loaf, 23 oz",17
Webstaurant,Dry,"Oreo Cookies, 5 oz",17
Chef's Warehouse,Dry,"Extra Fine Granulated Sugar, 16 oz",17
Alice Collective,Meat,"Bone-In Pork Chops, 2 count",16
Veritable Vegetable,Produce,"Chives, 1 bunch",16
Butchers Son,Alt Meat & Cheese,"Vegan Mozzarella Cheese, 8 oz",16
Mike Hudson,Cold,"Salami, 1 each",16
As Kneaded,Bakery,"Baguette (not available on Tuesday), 1 each",16
Chef's Warehouse,Dry,"Orecchiette, 16 oz",16
JOI,Dry,"Organic Oat Milk Powder, 11.3 oz",16
Dairy Delivery,Dairy,"Creamy Whole Milk Orange Blossom Honey, 4.9 oz",16
Heath & LeJeune,Produce,"Thyme, 1 bunch",16
Christie's Chips,Dry,"Backyard BBQ Potato Chips, 7 oz",16
Starter Bakery,Bakery,"Twice Baked Almond Croissant, 1 each",16
Central Milling,Dry,"Sliced Almonds, 7 oz",16
Dairy Delivery,Dairy,"Cream Top Fat Free Milk, 1/2 gallon",16
Dairy Delivery,Dairy,"Creamy Whole Milk Peach Apricot Yogurt, 5.6 oz",16
Alter Eco,Dry,"Dark Salted Almond Chocolate Bar, 2.82 oz",15
UNFI,Dry,"Ground Cumin, 1 oz",15
UNFI,Dry,"Sweetened Dried Mango, 5 oz",15
Alice Collective,Cheese,"Humboldt Fog Goat Cheese, 7 oz",15
Nuts.com,Dry,"Malted Milk Balls, 10 oz",15
Dairy Delivery,Dairy,"Organic Vegan Dark Chocolate Pudding, 3.5 oz",15
Rosa Brothers Milk Company,Dairy,"Vanilla Coffee Creamer, 1 quart",15
UNFI,Dry,"Mango Lemonade, 32 oz",15
Later Days Coffee Co.,Cold,"Strong Cold Brew Coffee, 32 oz",15
Papalote,Dry,"Serrano Tomatillo Roasted Tomato Salsa, 15.75 oz",14
Chef's Warehouse,Dry,"Whole Wheat Flour, 22 oz",14
Webstaurant,Dry,"Mini Peanut Butter Cups, 12 oz",14
Tierra Farm,Dry,"White Turkish Figs, 11 oz",14
Good Stuff,Cold,"Organic Pomegranate Kombucha, 16 oz",14
Zero Kitchen,Prepared,"Mirepoix Vegetable Mix, 10 oz",14
Vermont Soap,Dry,"Vermont Peppermint Magic Castile Liquid Soap, 8 oz",14
Butchers Son,Alt Meat & Cheese,"Vegan Chipotle Turkey, 7 oz",14
UNFI,Dry,"Navy Beans, 15 oz",14
Dairy Delivery,Dairy,"Plain Yogurt, 4.75 oz",14
Alter Eco,Dry,"Salted Brown Butter Chocolate Bar, 2.82 oz",14
UNFI,Dry,"Bay Leaf, .25 oz",14
Tierra Farm,Dry,"Sultana Raisins, 10 oz",14
Dairy Delivery,Cold,"Sun Blossom, 16 oz",14
UNFI,Dry,"Tomato Basil Pasta Sauce, 23.5 oz",14
Nuts.com,Dry,"Sour Gummy Worms, 13 oz",14
Sightglass Coffee,Dry,"Sightglass Owl's Howl Espresso Whole Bean, 12 oz",14
UNFI,Dry,"Red Lentils, 26 oz",13
Farm Shop,Bakery,"Baguette, 1 each (LA)",13
UNFI,Dry,"Marinara Sauce, 24 oz",13
Tierra Farm,Dry,"High Peaks Trail Mix, 16 oz",13
Starter Bakery,Dry,"Burger Buns, 4 count",13
Solo Foods,Seafood,"Atlantic Salmon Fillet LA, 1 lb",13
Alice Collective,Cheese,"Toma Cheese, 7 oz",13
Alice Collective,Meat,"Beef Hot Dogs, 4 count",13
Alice Collective,Cheese,"Queso Fresco, 7 oz",13
UNFI,Dry,"Pure Lemon Juice, 16 oz",13
UNFI,Dry,"Vegetable Base, 8 oz",13
Happy Moose Juice,Cold,"Feel Mo' Betta Double Shot, 4 oz",13
UNFI,Dry,"Valencia Orange, 4 pack",13
UNFI,Dry,"Cous Cous, 12 oz",13
Central Milling,Dry,"Baking Soda, 3 oz",13
12 Tides,Dry,"Everything Puffed Kelp Chips, 3.5 oz",13
Nuts.com,Dry,"Bagel Chips, 8 oz",13
International Harvest,Dry,"Triple Berry Granola, 8 oz",13
Dairy Delivery,Dairy,"Dark Chocolate French Pudding, 3.5 oz",13
UNFI,Dry,"Homestyle Savory Chicken Bone Broth, 14 oz",13
UFO,Alt Dairy,"Unsweetened Hemp Milk, 32 oz",13
Premier Meats,Meat,"Applewood Natural Bacon, 1 lb",13
Chef's Warehouse,Dry,"Bucatini, 16 oz",12
UNFI,Dry,"Unfiltered Apple Juice, 1.5 liter",12
Ital Foods,Dry,"Tuna Fillets with Jalapeno in Olive Oil, 6.7 oz",12
Chef's Warehouse,Dry,"Jelly Beans, 11 oz",12
UNFI,Dry,"French Green Lentils, 26 oz",12
Alice Collective,Cheese,"Manchego Cheese Aged 1 Year, 7 oz",12
Heath & LeJeune,Produce,"Rosemary, 1 bunch",12
Ital Foods,Dry,"Greek Olive Mix, 10.2 0z",12
Alice Collective,Prepared,"Chicken Tortilla Soup, 1 portion",12
Alice Collective,Prepared,"Minestrone, 1 portion",12
Starter Bakery,Dry,"Lemon Poppyseed Muffin, 1 each",12
BiteMe,Dry,"Lemon Ginger Tiny Bite Cookies, 8oz",12
Obour,Frozen,"Classic Hummus, 9 oz",12
Ohana Bros,Dry,"Caramel Sea Salt Popcorn, 5.5 oz",12
Aris Natural Foods,Frozen,"Potato Gnocchi, 16 oz (LA)",12
Sadaf,Dry,"Extra Long Basmati Rice, 13 oz",12
Tierra Farm,Dry,"Roasted Maple Glazed Mixed Nuts, 8 oz",12
As Kneaded,Bakery,"Sesa Miche Loaf (not available on Tuesdays), 1 each",12
UNFI,Dry,"Concord Grape Juice, 32 oz",11
UNFI,Dry,"Garlic Powder, 1.5 oz",11
Kind Laundry,Dry,"Laundry Detergent Sheets- Ocean Breeze, 60 sheets",11
Ital Foods,Dry,"Tomato Sauce, 24 oz",11
Starter Bakery,Bakery,"Traditional Kouign Amann, 1 each",11
Alice Collective,Prepared,"Chicken Noodle Soup, 1 portion",11
Alice Collective,Meat,"Chicken Party Wings, 1 lb",11
Domenico's,Prepared,"Sun Dried Tomato Pesto, 7 oz",11
As Kneaded,Bakery,"Pain D'Epi Loaf (not available on Tuesdays), 1 each",11
As Kneaded,Bakery,"Spelt Walnut Sourdough Loaf (not available on Mondays and Tuesdays), 1 each",11
Alice Collective,Cheese,"Crumbled Blue Cheese, 4.5 oz",11
Davids Premium Natural,Dry,"Spearmint Whitening Antiplaque Toothpaste, 5.25 oz",11
Dairy Delivery,Dairy,"Vanilla Coconut French Rice Pudding, 3.5 oz",11
Dairy Delivery,Dairy,"Creamy Whole Milk Pineapple Coconut Yogurt, 5.6 oz",11
Beber,Alt Dairy,"Fresh Unsweetened Almond Milk, 32 oz",11
Alter Eco,Dry,"Deep Dark Salt & Malt Chocolate Bar, 2.82 oz",11
Chef's Warehouse,Dry,"Sea Salt Flakes, 4 oz",11
UNFI,Dry,"Sparkling Water- Passionfruit, 8 pack",11
Eden Foods,Dry,"Sea Salt, 4 oz",11
UNFI,Dry,"Pine Nuts, 7 oz",11
Alice Collective,Cheese,"Vermont 2-yr Aged Cheddar, 7 oz",11
Mission Wine Merchants,Wine & Beer,MDZ Malbec 2020 Mendoza (21+),10
Nuts.com,Dry,"Rainbow Sprinkles, 3 oz",10
Meliora,Dry,"Oxygen Brightener, 2 lb",10
Central Milling,Dry,"Artisan Bread Flour, 21 oz",10
Domenico's,Prepared,"Marcona Almond Pesto, 7 oz",10
Alice Collective,Meat,"Ground Pork, 1 lb",10
UNFI,Dry,"Chicken Base, 8 oz",10
UNFI,Dry,"Honey Almond Nougat Chocolate Bar, 6.35",10
UNFI,Dry,"Tony's Dark Milk Pretzel Toffee Chocolate Bar 42%, 6.35 oz",10
UNFI,Dry,"Whole Artichoke Hearts, 9.9 oz",10
Dairy Delivery,Dairy,"French Vanilla Yogurt, 4.75 oz",10
UNFI,Dry,"Garlic Sesame Sticks, 6 oz",10
Tierra Farm,Dry,"Flax Seeds, 9 oz",10
UNFI,Dry,"Gluten Free Tamari Soy Sauce, 10 oz",10
Central Milling,Dry,"Light Brown Sugar, 30 oz",10
Ital Foods,Dry,"Tuna Ventresca in Olive Oil, 6.7 oz",10
UNFI,Dry,"Black Pepper Medium Ground, 1 oz",10
BreadBlok,Dry,"Rosemary Crackers, 35 crackers",10
Veritable Vegetable,Produce,"Acorn Squash, 1 each",10
As Kneaded,Bakery,"Honey Rye Porridge Loaf (not available on Tuesdays), 1 each",10
UNFI,Dry,"Strawberry Preserve, 10 oz",10
Ital Foods,Dry,"Castelvetrano Olives, 10.6 oz",10
UNFI,Dry,"Basmati Rice, 13 oz",10
Chambers & Chambers,Wine & Beer,Pinot Grigio Della Venezie 2020 IT (21+),10
Pulp Pantry,Dry,"Salt Vinegar Grain-Free Veggie Chips, 8 oz",10
UNFI,Dry,"Spring Water, 1 liter",10
Dairy Delivery,Dairy,"Probiotic Vanilla Goat Milk Yogurt, 4.75 oz",10
UNFI,Dry,"Premium Mixers Mediterranean Tonic Water, 4 x 6.8 oz",10
Faire,Dry,"Silicone Bowl Covers, 6 pack",10
UNFI,Dry,"Premium Unsweetened Coconut Cream, 5.4 oz",10
UNFI,Dry,"Raspberry Lemonade, 32 oz",10
Pop's Bagels,Frozen,"Cinnamon Raisin Bagel (take & bake), 1 each",10
Papalote,Dry,"Roasted Tomato Habanero Salsa, 15.75 oz",10
Young Kobras,Frozen,"Olive Herb Gluten Free Sourdough Bread Loaf, 1 each (LA)",10
Starter Bakery,Bakery,"Chocolate Kouign Amann, 1 each",10
Webstaurant,Dry,"Strawberry Soda, 12.5 oz",10
UNFI,Dry,"Pinto Beans, 15 oz",10
Pop's Bagels,Frozen,"Sesame Bagel (take & bake), 1 each",10
Starter Bakery,Bakery,"Pain de Mie Loaf, 34 oz",9
Young Kobras,Frozen,"Original Sourdough Gluten Free Bread Loaf, 1 each (LA)",9
Aris Natural Foods,Frozen,"5 Cheese Ravioli, 11.5 oz (LA)",9
Premier Meats,Meat,"Mild Italian Sausage, 1 lb",9
Dairy Delivery,Dairy,"Creamy Whole Milk Raspberry Blueberry Yogurt, 5.6 oz",9
JOI,Dry,"Organic Cashew Milk Concentrate Nutbase, 15 oz",9
UNFI,Dry,"Almond Flour, 16 oz",9
UNFI,Dry,"Whole Grain Dijon Mustard, 7.3 oz",9
Chef's Warehouse,Dry,"Dark Chocolate 70% Cocoa Disc, 4 oz",9
UNFI,Dry,"Sparkling Natural Mineral Water, 25.3 oz",9
UNFI,Dry,"Caramel Sea Salt, 6.35 oz",9
Chef's Warehouse,Dry,"Kosher Salt, 16 oz",9
Faire,Dry,"Natural Biodegradable Silk Dental Floss and Stainless Steel Metal Container, 1 each + 3 Refills",9
BiteMe,Dry,"Vanilla Tiny Bite Cookies, 8oz",9
Good Mylk,Alt Dairy,"Pure Almond Mylk, 32 oz",9
Fly By Jing,Dry,"Sichuan Chili Crisp, 6 oz",9
Agni,Dry,"Sesame Nori Seasoning, 1.75 oz",9
Ital Foods,Dry,"Marinara Sauce, 16 oz",9
Webstaurant,Dry,"Mini Pieces, 12 oz",9
Butchers Son,Alt Meat & Cheese,"Vegan Lemon Garlic Chicken, 8 oz",9
UNFI,Dry,"Apricot Preserves, 13 oz",9
Butchers Son,Alt Meat & Cheese,"Vegan Maple Turkey, 8 oz",9
Dairy Delivery,Dairy,"Whole Chocolate Milk, 1 quart",9
Alice Collective,Meat,"Pork Tenderloin, 16oz",9
Davids Premium Natural,Dry,"Peppermint + Charcoal Whitening Antiplaque Toothpaste, 5.25 oz",9
Domenico's,Frozen,"All Natural Turkey Meatballs in Marinara, 24 oz",9
Alice Collective,Prepared,"Pumpkin Seed Basil Pesto, 12oz",9
UNFI,Dry,"Red Tart Cherry Juice, 32 oz",9
UNFI,Dry,"Reduced Sodium Gluten Free Soy Sauce, 10 oz",9
Tierra Farm,Dry,"Roasted Unsalted Cashew Butter, 12 oz",9
Ohana Bros,Dry,"Coconut Caramel Popcorn, 5.5 oz",9
UNFI,Cold,"Mild Nacho Cashew Queso, 10.8 oz",9
UNFI,Dry,"Unsweetened Ketchup, 11.3 oz",9
Obour,Frozen,"Zhoug Hummus, 9 oz",9
UNFI,Cold,"Black Coffee Cold Brew Concentrate, 32 oz",9
UNFI,Dry,"Extra Virgin Olive Oil- 100% California, 25.4 oz",9
Alice Collective,Cheese,"Goat Gouda, 7 oz",9
Alter Eco,Dry,"Deep Dark Sea Salt Chocolate Bar, 2.82 oz",9
UNFI,Dry,"Unrefined Toasted Sesame Oil, 8 oz",9
Alice Collective,Frozen,"Short Rib Tortellini, 10 oz",9
CA Snax,Dry,"Buffalo Kale Chips, 4 oz",9
UNFI,Dry,"Classic Milk Chocolate Bar, 6.35 oz",9
UNFI,Dairy,"Plain + Simple Coconut Yogurt, 1 each",9
Alice Collective,Prepared,"Vegan Chili, 1 portion",9
UNFI,Dry,"Crushed Red Pepper Flakes, 1.5 oz",8
Alice Collective,Meat,"Pastrami, 8 oz",8
UNFI,Dry,"Vanilla Extract, 2 oz",8
Alice Collective,Frozen,"Chicken and Spinach Ravioli, 11.5 oz",8
Renewal Mill,Dry,"Sugar Cookie Mix, 15 oz",8
UNFI,Dry,"Dark Chocolate Bar 70%, 6.35 oz",8
Alice Collective,Meat,"Strip Steak, 12oz",8
UNFI,Dry,"Four Fruits Preserves, 13 oz",8
Tierra Farm,Dry,"Maple Pecan Butter, 12 oz",8
Alice Collective,Prepared,"Pitted Kalamata Olives, 8 oz",8
Meliora,Dry,"Lavender Laundry Powder, 2 lb",8
Pop's Bagels,Frozen,"Everything Bagel (take & bake), 1 each",8
UNFI,Dry,"Organic No-Chicken Noodle Soup- Low Fat, 14.1 oz",8
Alice Collective,Meat,"Sweet Italian Sausage, 4 count",8
UNFI,Dry,"Organic Garbanzo Beans, 29 oz",8
Wholesome Bakery,Frozen,"Gluten Free Vegan Kitchen Sink Cookie Sandwich, 2 ct",8
Mike Hudson,Dairy,"Zesty Citrus & Honey Spreadable Goat Cheese, 4 oz",8
UNFI,Dry,"Organic Light Roast Creamy Peanut Butter, 16 oz",8
Butter Me Up,Dry,"Antibacterial Toilet Cleaning Tabs, 12 each",8
UNFI,Dry,"Italian Seasoning, 0.5 oz",8
Starter Bakery,Bakery,"Bittersweet Chocolate Chip Cookie, 1 each",8
Tierra Farm,Dry,"Dried Currants, 10 oz",8
Dairy Delivery,Dairy,"Vanilla Bean French Pudding, 3.5 oz",8
Beber,Alt Dairy,"Fresh Unsweetened Almond Milk, 16 oz",8
UNFI,Dry,"Ground Turmeric Root, 1.5 oz",8
UNFI,Dry,"Hearts of Palm, 14 oz",8
Happy Moose Juice,Cold,"Hawaiian Healer Double Shot, 4 oz",8
UFO,Alt Dairy,"Vanilla Hemp Milk, 32 oz",8
Grandy Oats,Dry,"Coconola Grain Free Paleo Coconut Granola, 8 oz",8
UNFI,Dairy,"Blueberry Lavender Coconut Yogurt, 1 each",8
Dairy Delivery,Dairy,"Mixed Berry Low Fat Greek Yogurt, 5.3 oz",8
UNFI,Dry,"Refried Black Beans, 15 oz",8
UNFI,Cold,"House Napa Cabbage Vegan Kimchi, 16 oz",8
Premier Meats,Meat,"Niman Ranch Ground Beef, 1 lb",8
Ohana Bros,Dry,"Chips- Himalayan Pink Salt, 8 oz",8
Ohana Bros,Dry,"Rio Habanero Potato Chips, 7 oz",8
ECOS,Dry,"Orange Plus All Purpose Cleaner, 16 oz",8
UNFI,Dry,"Jade Pearl Rice, 13 oz",8
Dairy Delivery,Dairy,"St Benoit Lemon Yogurt, 23oz",8
UNFI,Dry,"Dark Red Kidney Beans, 24 oz",8
Nuts.com,Dry,"M&M's, 13 oz",8
Farm Shop,Bakery,"Sliced Brioche Pullman Loaf, 1 each",8
No Tox Life,Dry,"Vegan Dish Block, 6 oz",8
UNFI,Dry,"Apple Cider Vinegar, 16 oz",8
Viks,Dry,"Chana Daal, 12.5 oz",8
Starter Bakery,Dry,"Hot Dog Buns, 6 count",8
Tierra Farm,Dry,"Goji Berries, 8 oz",8
UNFI,Dry,"Sparkling Water- Grapefruit, 8 pack",8
Chef's Warehouse,Dry,"Italian Balsamic Vinegar, 17 oz",8
UNFI,Dry,"Dark Red Kidney Beans, 29 oz",7
Aris Natural Foods,Frozen,"Wild Mushroom Ravioli, 11.5 oz (LA)",7
UNFI,Dry,"Curry Powder, 1 oz",7
Nuts.com,Dry,"Cacao Powder, 8 oz",7
Alter Eco,Dry,"Deep Dark Blackout Chocolate Bar, 2.82 oz",7
Sunset Cultures,Cold,"Passionfruit Lemongrass Kombucha, 16oz",7
Stasher,Dry,"Reusable Clear Stand Up Mid Bag, 1 each",7
Bi Rite,Dry,"Ginger Ale 12 oz, 4 pack",7
Sadaf,Dry,"Tomato Paste, 24.7 oz",7
UNFI,Dairy,"Bourbon Vanilla Coconut Yogurt, 5 oz",7
Pop's Bagels,Frozen,"Plain Bagel (take & bake), 1 each",7
Planted Table,Frozen,"Vegan Chocolate Mousse, 1 each",7
Beber,Alt Dairy,"Fresh Honey Vanilla Almond Milk, 16 oz",7
Premier Meats,Meat,"Ground Pork- Antibiotic Free, 1 lb",7
UNFI,Dry,"Cacao Nibs, 8oz",7
Alter Eco,Dry,"Grass Fed Milk with Rice Crunch Chocolate Bar, 2.65 oz",7
UNFI,Dairy,"Strawberry Rose Coconut Yogurt, 1 each",7
Nuts.com,Dry,"Skittles, 13 oz",7
No Tox Life,Dry,"Lip Butter- Lavender Earl Grey, 1 each",7
Canyon Coffee,Dry,"Beachwood Whole Bean Coffee, 12 oz",7
UNFI,Dry,"Diced Mild Green Chiles, 4 oz",7
Ital Foods,Dry,"Tuna Fillets with Garlic in Olive Oil, 6.7 oz",7
Ital Foods,Dry,"Hazelnut Spread with Cocoa and Milk, 9.52 oz",7
Ital Foods,Dry,"Dairy Free Hazelnut Spread, 9.52 oz",7
UNFI,Dry,"Strawberry Lemonade, 32 oz",7
Solo Foods,Seafood,"Whole Branzino LA, 1 lb",7
Three Bluebirds,Dry,"Swedish Dishcloth Hearts, 1 each",7
Chef's Warehouse,Dry,"Dried Wild Mushroom Mix, 1.5 oz",7
Alice Collective,Cheese,"Loma Alta Cheese, 7 oz",7
UNFI,Dry,"Roasted Garlic Sauce, 24 oz",7
Young Kobras,Frozen,"Olive Herb Gluten Free Sourdough Bread Loaf, 1 each",7
Goodlight,Dry,"Birthday Candles, 12 pack",7
UNFI,Dry,"Hot Sauce, 5 oz",7
Good Stuff,Cold,"Original Kombucha, 16 oz",7
Faire,Dry,"Agave Syrup, 4 oz",7
UNFI,Dry,"Lundberg Wild Blend Rice, 13 oz",7
Faire,Dry,"Bamboo Cotton Swabs, 200 count",7
UNFI,Dry,"Raspberry Preserves, 13 oz",7
UNFI,Dry,"Natural Rice Vinegar, 12 oz",7
Young Kobras,Frozen,"Seeded Buckwheat Gluten Free Sourdough Bread Loaf, 1 each (LA)",7
UNFI,Dry,"Polenta, 22 oz",7
UNFI,Dry,"Organic Lentil Soup- Low Sodium, 14.5 oz",7
Zero Kitchen,Prepared,"Fingerling Potato Halves with Rosemary, 17 oz",7
Alice Collective,Cheese,"Midnight Moon Aged Cheese, 7 oz",7
Tierra Farm,Dry,"Very Berry Mix, 7 oz",7
Tierra Farm,Dry,"Lightly Sea Salted Mixed Nut Butter, 12 oz",7
Central Milling,Dry,"Bake Rise Double Acting Baking Powder, 3 oz",7
Carina Organics,Dry,"Daily Light Conditioner- Citrus, 16 oz",7
Central Milling,Dry,"Corn Starch, 16 oz",7
Alice Collective,Prepared,"Bolognese Sauce, 12oz",7
Central Milling,Dry,"Dark Brown Sugar, 30 oz",7
UNFI,Dry,"Earl Grey Tea Loose Leaf, 4 oz",7
Living Intentions,Dry,"Cacao Crunch Cereal, 7oz",7
LA Miss Apple,Dry,"Toilet Bombs, 4 each",6
UNFI,Dry,"Cranberry Nectar Juice, 32 oz",6
As Kneaded,Bakery,"Flax Sunflower Sourdough Loaf (not available on Mondays and Tuesdays), 1 each",6
Equator Coffees,Dry,"Tigerwalk Espresso Ground Coffee, 12 oz",6
Good Stuff,Cold,"Organic Pink Lady Apple Kombucha, 16 oz",6
Domenico's,Prepared,"Olive Tapenade, 7 oz",6
UNFI,Dry,"California Extra Virgin Avocado Oil, 8.45 oz",6
Obour,Frozen,"Hot Curry Hummus, 9 oz",6
Aris Natural Foods,Frozen,"Jidori Chicken Gyoza, 1 dozen",6
UNFI,Dry,"Refined Coconut Oil, 23 oz",6
UNFI,Dry,"Hominy, 30 oz",6
UNFI,Dry,"Pickled Sushi Ginger, 6.7 oz",6
UNFI,Dry,"Clementine Sparkling Juice, 4 pack",6
UNFI,Dry,"Classic Vegan Mayo, 12 oz",6
Nuts.com,Dry,"Vegan Gummy Bears, 6 oz",6
UNFI,Dry,"Lemongrass Turmeric Paste, 3.53 oz",6
Faire,Dry,"Bamboo Charcoal Toothbrush, 1 each",6
Organic Farm,Produce,"Mixed Produce Bag, 10 items",6
Sadaf,Dry,"Tahini, 16 oz",6
UNFI,Dry,"Parsley, 0.4 oz",6
Faire,Dry,"Rosemary Mint Vanilla Shampoo, 16 oz",6
Carina Organics,Dry,"Daily Light Conditioner- Sweet Pea, 16 oz",6
Farm Shop,Bakery,"Butter Croissant, 1 each",6
UNFI,Dry,"Oregano, 0.5 oz",6
Planted Table,Frozen,"Vegan Denver Omelette Breakfast Burrito, 1 each",6
UNFI,Dry,"Naturals Goddess Dressing, 8 oz",6
Tierra Farm,Dry,"Cranberry Cashew Chocolate Mix, 16 oz",6
UNFI,Dry,"Limeade, 32 oz",6
UNFI,Dry,"Milk Hazelnut Chocolate Bar 32%, 6.35 oz",6
Tierra Farm,Dry,"Dark Chocolate Covered Espresso Beans, 10 oz",6
Living Intentions,Dry,"Blueberry Blast Cereal, 7oz",6
UNFI,Dry,"Raw Cashew Pieces, 9 oz",6
Central Milling,Dry,"00 Flour, 21 oz",6
Central Milling,Dry,"6-Grain Pancake & Waffle Mix, 24 oz",6
Davids Premium Natural,Dry,"Peppermint Whitening Antiplaque Toothpaste, 5.25 oz",6
Nuts.com,Dry,"Spirulina, 6oz",6
Happy Moose Juice,Cold,"Strawberry Fields Juice, 16 oz",6
Alice Collective,Meat,"Mexican Style Chorizo, 16 oz",6
Tierra Farm,Dry,"Trail Mix, 16 oz",6
Dairy Delivery,Dairy,"St Benoit Tcho Chocolate Pots de Creme, 1 each",6
No Tox Life,Dry,"Solid Seaweed Shampoo, 1 each",6
Solo Foods,Seafood,"Ora King Salmon Fillet LA, 1 lb",6
Ital Foods,Dry,"Fresh Tomato & Basil Sauce, 16 oz",6
Pulp Pantry,Dry,"Jalapeno Lime Grain-Free Veggie Chips, 8 oz",6
UNFI,Dry,"White Wine Vinegar, 16 oz",6
Nelson Naturals,Dry,"Crush & Brush Mint Toothpaste Tablets, 80 tablets",6
Butchers Son,Alt Meat & Cheese,"Vegan Truffle Mozzarella, 8 oz",6
UNFI,Dry,"Gluten-Free Sweet Red Chili Dipping Sauce, 6.5 oz",6
Butchers Son,Frozen,"Vegan Cheesecake Slice, 1 each",6
Ital Foods,Dry,"Non Pareils Capers, 5.3 oz",6
Young Kobras,Frozen,"Seeded Buckwheat Gluten Free Sourdough Bread Loaf, 1 each",6
Butchers Son,Frozen,"Vegan Cookie Dough, 1 lb",6
UNFI,Dry,"Thompson Raisins, 10 oz",6
JOI,Dry,"Organic Almond Milk Concentrate Nutbase, 15 oz",6
Central Milling,Dry,"Light Amber Honey, 17 oz",6
Sciabica,Dry,"Olive Oil Virgin & Refined Blend, 16 oz",6
Nuts.com,Dry,"Dark Chocolate Nonpareils, 10 oz",6
Starter Bakery,Dry,"Stone Ground Miche, 1 each",6
Nuts.com,Dry,"Mini Marshmallow Bits, 3 oz",6
Chef's Warehouse,Dry,"White Chocolate Chips, 13 oz",6
Chef's Warehouse,Dry,"Mexican Sprite, 12 oz",6
UNFI,Dry,"Gochujang Fermented Chile Paste Concentrated, Medium Heat, 10 oz",6
Nuts.com,Dry,"Dried Lemon Slices, 1.9 oz",6
Christie's Chips,Dry,"Chili con Queso Potato Chips, 7 oz",6
UNFI,Dry,"Ground Ginger, 1 oz",6
UNFI,Dry,"Chili Powder Blend, 1.5 oz",6
UNFI,Dry,"Ground Coriander, 1 oz",6
Alice Collective,Meat,"London Broil Roast Beef, 8 oz",6
If You Care,Dry,"Parchment Baking Paper, 70 sq ft",6
Stasher,Dry,"Reusable Clear Snack Bag, 1 each",6
Alter Eco,Dry,"Dark Salted Coconut Toffee Chocolate Bar, 2.82 oz",6
Premier Meats,Meat,"Grass Fed Ribeye, 10 oz",5
Tierra Farm,Dry,"Unsalted Sun-dried Tomatoes, 3 oz",5
Tierra Farm,Dry,"Chocolate Covered Cherries, 11 oz",5
Renewal Mill,Dry,"1:1 Gluten Free Baking Flour, 16 oz",5
Premier Meats,Meat,"Frenched Pork Chops 8 oz, 2 count",5
Tierra Farm,Dry,"Roasted Tamari Almonds, 8 oz",5
Sadaf,Dry,"Pickled Cucumbers with Dill, 24 oz",5
Sunset Cultures,Cold,"Strawberry Fennel Flower Kombucha, 16oz",5
Young Kobras,Frozen,"Fig Gluten Free Sourdough Bread Loaf, 1 each (LA)",5
Tierra Farm,Dry,"Dried Black Mission Figs, 11 oz",5
Alter Eco,Dry,"Alter Eco Mint Creme Truffles, 1 each",5
UNFI,Dry,"Phat Beets Aromatic Pickled Beets, 15 oz",5
Alter Eco,Dry,"Deep Dark Salted Burnt Caramel Chocolate Bar, 2.82 oz",5
Alter Eco,Dry,"Deep Dark Super Blackout Chocolate Bar, 2.65 oz",5
UNFI,Dry,"Sugar Free Mayonnaise, 12 oz",5
Ital Foods,Dry,"Home Style Gravy, 16 oz",5
Chambers & Chambers,Wine & Beer,Pinot Noir Rosé Pfalz 2020 Germany (21+),5
Chambers & Chambers,Wine & Beer,Sauvignon Blanc- Russian River Valley 2019 CA (21+),5
UNFI,Dry,"Gluten-Free Red Curry Paste, 4 oz",5
UNFI,Dry,"Green Enchilada Sauce, 15 oz",5
Hunnybunny Boutique,Dry,"Cherry Almond Swirl Soap, 1 each",5
UNFI,Dry,"Sliced Bamboo Shoots, 14 oz",5
Dairy Delivery,Cold,"Immuni-C Supershot, 2 oz",5
Happy Moose Juice,Cold,"Blood Orange Bliss Juice, 16 oz",5
UNFI,Dry,"Ricks Picks The People's Pickle, 24 oz",5
Good Stuff,Dry,"Green Salsa, 16 oz",5
UNFI,Dry,"Lemonade, 32 oz",5
Faire,Dry,"Eco-Friendly and Natural Bamboo Toothbrush, 1 each",5
UNFI,Dry,"Mushroom Base, 8 oz",5
UNFI,Dry,"Onion Powder, 1.5 oz",5
UNFI,Dry,"Organic Apple Cider Vinegar, 16 oz",5
Adda Veggie,Dry,"Adda Veggie - Original, 92.1 grams",5
UNFI,Dry,"Paprika, 1.5 oz",5
Kind Laundry,Dry,"Laundry Detergent Sheets- Fragrance Free, 60 sheets",5
Central Milling,Dry,"Fair Trade Powdered Sugar, 16 oz",5
LA Miss Apple,Dry,"Lime Dishwasher Powder, 1 lb",5
UNFI,Dry,"Black Lentils, 26 oz",5
Viks,Dry,"Jumbo Green Cardamom, 1.25 oz",5
Aris Natural Foods,Frozen,"Frozen Organic Pitaya, 16 oz",5
Aris Natural Foods,Frozen,"Kurobuta Pork Gyoza, 1 dozen",5
Nuts.com,Dry,"Peanut Butter Chips, 13 oz",5
Nuts.com,Dry,"Crystallized Ginger, 8 oz",5
Nomadic Distribution,Wine & Beer,Prosa Frizzante Rosé 2020 Austria (21+),5
Butchers Son,Alt Meat & Cheese,"Vegan Roast Beef, 8 oz",5
No Tox Life,Dry,"Bamboo Soap Shelf, 1 each",5
UNFI,Dry,"Better than Bouillon Roasted Beef Base, 8 oz",5
Butter Me Up,Dry,"All Natural Dishwasher Soap, 16 oz",5
Sightglass Coffee,Dry,"Decaf Hunky Dory Whole Bean, 12 oz",5
Mike Hudson,Dairy,"Italian Black Truffle Marinated Goat Cheese, 4 oz",5
UNFI,Dry,"Cinnamon Sticks, 1.5 oz",5
Meow Meow Tweet,Dry,"Cedar Spruce Baking Soda Free Deodorant Stick, 1.8 oz",5
Meliora,Dry,"Dish Soap Lemon, 1 each",5
UNFI,Dry,"Dark Almond Sea Salt 51%, 6.35 oz",5
Marley's Monsters,Dry,"Surprise Print/Black Washable Sponge, 1 pack",5
UNFI,Dry,"English Breakfast Tea Loose Leaf, 4 oz",5
UNFI,Dry,"Fig Preserves, 13 oz",5
Three Bluebirds,Dry,"Swedish Dishcloth Lemons and Limes, 1 each",5
The Republic of Tea,Dry,"Matcha Powder Green Tea, 3 oz",4
UNFI,Dry,"Vodka Sauce, 24 oz",4
Tierra Farm,Dry,"Dried Tart Cherries, 8 oz",4
Wine & Beer,Wine & Beer,Pumpkinhead Wheat Ale (21+),4
UNFI,Dry,"Organic Whole Salted and Roasted Cashews, 9 oz",4
UNFI,Dry,"Organic Pumpkin Puree, 15 oz",4
UNFI,Dry,"Organic Coco Aminos, 10oz",4
UNFI,Dry,"Premium Mixers Club Soda, 4 x 6.8 oz",4
UNFI,Dry,"Natural Spring Water, 16.9 oz",4
UNFI,Dry,"Lemon Curd, 13 oz",4
UNFI,Dry,"Heirloom Soba Noodles, 16 oz",4
UNFI,Dry,"Ground Korintje Cinnamon, 1.5 oz",4
UNFI,Dry,"Rooibos Tea, 4 oz",4
UNFI,Dry,"Simply Pesto Traditional Basil Pesto Sauce, 6.35 oz",4
UNFI,Dry,"Sparkling Mineral Water- 12 oz, 12 pack",4
UNFI,Dry,"Greek Pepperoncini, 15.5 oz",4
UNFI,Dry,"Gluten-Free Pad Thai Sauce, 8 oz",4
UNFI,Dry,"Sundried Tomatoes in Olive Oil, 7.85 oz",4
UNFI,Dry,"Sweet Basil Leaf, 0.6 oz",4
UNFI,Dry,"Thai Red Curry, 3.53 oz",4
UNFI,Dry,"Thyme, 0.6 oz",4
UNFI,Dry,"Fire Roasted Gourmet Red Peppers, 12 oz",4
UNFI,Dry,"Falafel Mix, 16 oz",4
UNFI,Dry,"Cayenne Pepper, 1.5 oz",4
UNFI,Dry,"Butter Beans, 15 oz",4
UNFI,Dry,"Artisan Ghee, 8 oz",4
Veritable Vegetable,Cold,"Seasonal Mix Flower Bouquet, 1 each",4
UNFI,Cold,"Sauerkraut, 25 oz",4
UNFI,Cold,"Avocado Ranch Dressing, 10 oz",4
Viks,Dry,"Black Mustard Seed, 2 oz",4
Viks,Dry,"Garam Masala, 1.5 oz",4
12 Tides,Dry,"Chili Pepper Puffed Kelp Chips, 3.5 oz",4
Zooies,Bakery,"Yin Yang Cookie, 1 each",4
Faire,Dry,"Sisal Multipurpose Hand Brush, 1 each",4
Faire,Dry,"Bamboo Paddle Hairbrush, 1 each",4
Sadaf,Dry,"Organic Sour Cherry Jam, 13 oz",4
Central Milling,Dry,"Cornmeal Medium, 22 oz",4
Alice Collective,Meat,"Beef Meatballs, 5 count",4
Solo Foods,Seafood,"Wild Alaskan True Cod Fillet LA, 1 lb",4
Revel Wines,Wine & Beer,Cabernet Sauvignon 2019 CA (21+),4
BYOBags,Dry,"Zero Light Green Medium Tare Weight Bag, 1 each",4
Marley's Monsters,Dry,"Unpaper Towels- Surprise Prints, 6 pack",4
Alice Collective,Prepared,"Orzo Salad, 16oz",4
Republic of Tea,Dry,"Chamomile Lemon Full-Leaf Herbal Tea, 4 oz",4
Faire,Dry,"Loofah Dish Sponge, 3 pack",4
Aris Natural Foods,Frozen,"Short Rib Tortellini, 10 oz (LA)",4
Central Milling,Dry,"Organic Whole Oat Groats, 23 oz",4
Four Star Seafood,Seafood,"East Coast Scallops, 1 lb",4
Four Star Seafood,Seafood,"Albacore Tuna Steak (Sushi Grade), 16 oz",4
Fly By Jing,Dry,"Zhong Sauce, 6 oz",4
Nuts.com,Dry,"Peppermint Malted Milk Chocolate Balls, 10 oz",4
Faire,Dry,"Rosemary Mint Vanilla Conditioner, 16 oz",4
Central Milling,Dry,"Vita-Grain Active Dry Yeast, 2 oz",4
Faire,Dry,"Tongue Scraper, 2 pack",4
Faire,Dry,"Coconut Bottle Cleaning Brush, 1 each",4
Alice Collective,Meat,"Louisiana Hot Links, 4 count",4
Happy Moose Juice,Cold,"Chard Knock Life Green Juice, 16 oz",4
Good Mylk,Alt Dairy,"Original Almond Mylk, 32 oz",4
Kaze Cheese,Dry,"Pepper Jack Bites, 6oz",4
Sadaf,Dry,"Rose Water, 20 oz",4
International Harvest,Dry,"Cranberry, Cashew, & Pecan Granola, 8 oz",4
Diaspora,Dry,"Turmeric, 2.47 oz",4
Golde,Dry,"Pure Matcha, 40g",4
If You Care,Dry,"Cheesecloth, 1 each",4
Dairy Delivery,Cold,"Turmeric SuperShot, 2 oz",4
Abrothacary,Frozen,"Bone Appetite Beef Bone Broth, 16 oz",4
UNFI,Dry,"Ground Nutmeg, 1.5 oz",3
Meow Meow Tweet,Dry,"Grapefruit Mint Body Soap, 4.5 oz",3
Meow Meow Tweet,Dry,"Lavender Coconut Milk Shampoo Bar, 4.5 oz",3
Farm Shop,Bakery,"Salted Chocolate Chip Cookie- Gluten Free, 1 each",3
Ital Foods,Dry,"Buffalo Blue Olives, 13 oz",3
UNFI,Dry,"Olive Oil & Balsamic Vinaigrette, 8 oz",3
UNFI,Dry,"Taco Seasoning, 1.5 oz",3
Farm Shop,Bakery,"Spinach Artichoke Danish, 1 each",3
Viks,Dry,"Clove Powder, 1.5 oz",3
LA Miss Apple,Dry,"Rose Bath Bomb, 3 each",3
Mission Wine Merchants,Wine & Beer,Beaujolais Rouge 2020 FR (21+),3
UNFI,Dry,"Classic Vinaigrette Salad Dressing and Marinade, 12.5 oz",3
UNFI,Dry,"Organic Dairy Free Caesar Salad Dressing, 8 oz",3
Moonshot,Dry,"Rosemary Garlic Crackers, 5 oz",3
Alter Eco,Dry,"Superdark Crisp Mint Blackout Chocolate Bar, 2.65 oz",3
If You Care,Dry,"Parchment Baking Sheets, 24 count",3
UNFI,Dry,"Organic Hearty Rustic Italian Soup, 14 oz",3
No Tox Life,Dry,"Solid Seaweed Conditioner, 1 each",3
Butchers Son,Alt Meat & Cheese,"Vegan Swiss Cheese, 8 oz",3
UNFI,Dry,"Black Eyed Peas, 15 oz",3
Meliora,Dry,"Unscented Bath and Body Soap Bar, 4 oz",3
Meow Meow Tweet,Dry,"Everyday Sunscreen SPF 25, 2.7 oz",3
UNFI,Dry,"Hibiscus Flower, 2.2 oz",3
UNFI,Dry,"Vegan Chili Oil Sauce, 7.75 oz",3
Canyon Coffee,Dry,"Gedeb Whole Bean Coffee, 12 oz",3
Carina Organics,Dry,"Baby Shampoo and Body Wash- Unscented, 8 oz",3
Lassen,Wine & Beer,Heirloom Blend Dry Cider (21+),3
Carina Organics,Dry,"Daily Moisturizing Body Wash- Citrus, 16 oz",3
Carina Organics,Dry,"Daily Moisturizing Shampoo- Sweet Pea, 16 oz",3
UNFI,Dry,"Lime Juice, 16 oz",3
Central Milling,Dry,"All Purpose Beehive Malted Flour, 22 oz",3
UNFI,Dry,"Garbanzo Beans, 24 oz",3
UNFI,Dry,"Dijon Mustard, 11 oz",3
UNFI,Dry,"Garlic Peri-Peri Sauce, 9.2 oz",3
Faire,Dry,"Sisal Kitchen Brush- Refill Head, 1 each",3
UNFI,Dry,"Dark Pecan Coconut Chocolate Bar 51%, 6.35 oz",3
Marley's Monsters,Dry,"Unpaper Towels- Rainbow, 6 pack",3
UNFI,Dry,"Genmaicha Tea Loose Leaf, 4 oz",3
Axiology,Dry,"Lip to Lid Balmies- Of the Earth, 3 pack",3
Bi Rite,Dry,"Mexican Orange Soda, 12 oz",3
Ital Foods,Dry,"Non Pareils Capers in Sea Salt, 3.5 oz",3
Candid,Dry,"Banana & Nibs Cacao Bites, 1.13oz",3
Meliora,Dry,"Lavender Bath and Body Soap, 4 oz",3
Candid,Dry,"Cacao & Quinoa Crispies Bites, 1.13oz",3
UNFI,Dry,"Arrabbiata Sauce, 24 oz",3
UNFI,Dry,"Rubbed Sage Leaf, 0.6 oz",3
Vinifera Imports,Wine & Beer,Chianti Colli Senesi Tuscany 2018 Italy (21+),3
Wholesome Bakery,Frozen,"Gluten Free Peanut Butter Chocolate Chip Cookie Sandwich, 2 ct",3
Raff Distillerie,Dry,"Hand Sanitizer, 16 oz",3
Young Kobras,Frozen,"Fig Gluten Free Sourdough Bread Loaf, 1 each",3
Republic of Tea,Dry,"Moroccan Mint Full-Leaf Green Tea, 4 oz",3
Tierra Farm,Dry,"Raw Trail Mix, 16 oz",3
Faire,Dry,"Sisal Kitchen Brush, 1 each",3
Alice Collective,Meat,"Hot Italian Sausage, 4 count",3
Sadaf,Dry,"Giardinieria- Spicy, 32 oz",3
UNFI,Dry,"Raos Homestyle Bolognese Sauce, 24 oz",3
Christie's Chips,Dry,"Nacho Inferno Potato Chips, 7 oz",3
Alaya Tea,Dry,"Assam Black Loose Leaf Tea, 3.5 oz",3
Sadaf,Dry,"Pickled Garlic- Seer Torshi, 12 oz",3
UNFI,Dry,"Red Enchilada Sauce, 15 oz",3
Sadaf,Dry,"Pomegranate Molasses- Premium, 12 oz",3
UNFI,Dry,"Red Rice, 13 oz",3
Three Bluebirds,Dry,"Swedish Dishcloth Cherries, 1 each",3
Sadaf,Dry,"Shwarma Seasoning, 2 oz",3
Stasher,Dry,"Reusable Silicone Pocket, 2 pack",3
Domenico's,Prepared,"Lemon Artichoke Tapenade, 7 oz",3
Domenico's,Frozen,"Spinach & Ricotta Ravioli, 12 oz",3
Dairy Delivery,Dairy,"Salted Caramel Pots de Creme, 3.5 oz",3
Stasher,Dry,"Reusable Clear Sandwich Bag, 1 each",3
Stasher,Dry,"Reusable Amethyst Sandwich Bag, 1 each",3
UNFI,Dry,"Sherry Cooking Wine, 16 oz",3
Zooies,Bakery,"Brown Butter Chocolate Chip Cookie, 1 each",3
Silvester Rovine Selection,Wine & Beer,Chardonnay Bourgogne Blanc Côte d'Auxerre 2018 France (21+),3
Premier Meats,Meat,"Party Wings, 2 lb",3
Republic of Tea,Dry,"Republic Darjeeling Full-Leaf Black Tea, 4 oz",3
Hunnybunny Boutique,Dry,"Lemon Poppyseed Soap, 1 each",3
UNFI,Dry,"Strawberry Rose Living Vinegar, 12.7 oz",3
UNFI,Dairy,"Cacao Living Coconut Yogurt, 8 oz",3
UNFI,Dry,"Oyster Sauce, 9.1 oz",3
Obour,Dry,"Toasted Tahini, 12 oz",3
Faire,Dry,"Rosemary Mint Vanilla Body Lotion, 16 oz",3
UNFI,Cold,"Spicy Blanco Cashew Queso, 10.8 oz",3
P.F. Candle Co,Dry,"Amber and Moss Candle, 7.2 oz",3
UNFI,Dry,"85% Dark Chocolate Bar, 3 oz",3
Alter Eco,Dry,"Grass Fed Milk with Salted Almonds Chocolate Bar, 2.65 oz",3
Alter Eco,Dry,"Silk Velvet Truffles, 4.2 oz",3
Faire,Dry,"Natural Sisal Soap Pouch, 1 each",3
UNFI,Dry,"Organic Red Wine Vinegar, 12.7 oz",3
UNFI,Dry,"Annies Worcestershire Sauce, 6.25 oz",3
UNFI,Cold,"Vanilla Cold Brew Concentrate, 32 oz",3
Papalote,Dry,"Roasted Tomato Chipotle Salsa, 15.75 oz",3
Alter Eco,Dry,"Salted Caramel Truffles, 4.2 oz",3
UNFI,Dry,"Organic Cotton Tampons with Applicator- Super, 16 count",2
Equator Coffees,Dry,"Ethiopia Sidama Ardi Whole Bean Coffee, 12 oz",2
Good Stuff,Dry,"Nacho Cheese- Chipotle, 16 oz",2
Good Stuff,Dry,"Sliced Jalapeno Peppers, 16 oz",2
UNFI,Dry,"Organic White Rice Flour, 16 oz",2
Good Stuff,Dry,"Sparkling Spring Water, 17 oz",2
Equator Coffees,Dry,"Decaf Blend Whole Bean Coffee, 12 oz",2
Domenico's,Prepared,"Arrabiata Sauce, 14 oz",2
Farm Shop,Bakery,"Ham and Cheese Croissant, 1 each",2
UNFI,Dry,"Gunpowder Green Tea Loose Leaf, 4 oz",2
UNFI,Dry,"Ground Mustard, 1 oz",2
Hunnybunny Boutique,Dry,"Chocolate & Vanilla Soap, 1 each",2
Dairy Delivery,Dairy,"St Benoit Vanilla Pots de Creme, 3.5 oz",2
Farm Shop,Bakery,"Banana Walnut Chocolate Chip Muffin, 1 each",2
Chef's Warehouse,Dry,"Molasses, 17 oz",2
Equator Coffees,Dry,"French Roast Blend Whole Bean Coffee, 12 oz",2
Four Star Seafood,Seafood,"Whole Branzino, 1 lb",2
UNFI,Dry,"Moroccan Tagine Sauce- Chicken, 12 oz",2
Four Star Seafood,Seafood,"Petrale Sole Fillet, 16 oz",2
Chef's Warehouse,Dry,"Organic Spelt Flour, 22 oz",2
UNFI,Dry,"Spicy Garlic Original Pickles, 24 oz",2
Central Milling,Dry,"Satin Creme Cake, 16 oz",2
Chef's Warehouse,Dry,"Squid Ink Tonnarelli Pasta, 16 oz",2
UNFI,Dry,"Meyer Lemon Honey Living Vinegar, 12.7 oz",2
UNFI,Dry,"Naturals Shitake Sesame Vinaigrette, 16 oz",2
UNFI,Dry,"Spicy Harissa, 10oz",2
UNFI,Dry,"Marsala Cooking Wine, 16 oz",2
Faire,Dry,"Rich Lip Balm- Crush, 1 each",2
UNFI,Dry,"Tom Yum Paste, 3.53 oz",2
UNFI,Dry,"Preserved Lemons, 12.5 oz",2
Chef's Warehouse,Dry,"Strawberry Chocolate Cocoa Disk, 4 oz",2
Friendsheep,Dry,"Creamy White Wool Dryer Balls, 6 pack",2
UNFI,Dry,"Rao's Homestyle Italian Sausage and Mushroom Sauce, 24 oz",2
Carina Organics,Dry,"Extra Gentle Shampoo- Citrus, 16 oz",2
UNFI,Dry,"Spring Water, 16.9 oz",2
UNFI,Dry,"Szechuan Spicy Stir-Fry Sauce, 11.5 oz",2
Four Star Seafood,Seafood,"Ora King Salmon Fillet Skin On (Sushi Grade), 16 oz",2
Faire,Dry,"Eco Gift Wrap Co. Cactus Watercolor Everyday Gift Wrap, 1 each",2
Starter Bakery,Bakery,"Cranberry Almond Muffin, 1 each",2
UNFI,Dry,"Ground Allspice, 1.5 oz",2
UNFI,Dry,"100% Real Powdered Wasabi, 1.5 oz",2
P.F. Candle Co,Dry,"Sweet Grapefruit Candle, 7.2 oz",2
Webstaurant,Dry,"Whole Cloves, 1.5 oz",2
UNFI,Cold,"Kosher Dill Relish, 16 oz",2
UNFI,Cold,"Mocha Cold Brew Concentrate, 32 oz",2
Webstaurant,Dry,"Stainless Steel Tea Infuser, 2""",2
Obour,Dry,"Date Tahini, 12 oz",2
UNFI,Dairy,"Sour Cherry Almond Coconut Yogurt, 1 each",2
UNFI,Dry,"Alfredo Pasta Sauce, 15 oz",2
Alter Eco,Dry,"Classic Dark Truffles, 4.2 oz",2
Viks,Dry,"Whole Black Pepper, 2 oz",2
UNFI,Dry,"Baby Corn Pieces, 14 oz",2
Moon Juice,Dry,"Cosmic Cocoa- Adaptogenic Hot Chocolate, 6.9 oz",2
UNFI,Dry,"Blazin' Hot BBQ Sauce, 13 oz",2
UNFI,Dry,"Wild Blueberry Preserve, 10 oz",2
Viks,Dry,"Chana Masala, 1.5 oz",2
Anne's Apothecary,Dry,"Calm Aromatherapy Soap Bar, 1 each",2
Alter Eco,Dry,"Classic Grass Fed Milk Chocolate Bar, 2.65 oz",2
Renewal Mill,Dry,"Pumpkin Spice Cookie Mix, 14 oz",2
UNFI,Dry,"Chile Con Queso, 16 oz",2
Abrothacary,Frozen,"Immunity Herbal Chicken Bone Broth, 16 oz",2
Silvester Rovine Selection,Wine & Beer,Sauvignon Blanc Quivira Sonoma 2019 CA (21+),2
Zooies,Bakery,"PB&J Cookie, 1 each",2
Stasher,Dry,"Half Gallon Bag- Clear, 1 each",2
Samudra,Dry,"Wild Seaweed Sea Soap, 4.5 oz",2
Abeego,Dry,"Medium Beeswax Food Wraps, 3 pack",2
Stasher,Dry,"Reusable Rose Quartz Sandwich Bag, 1 each",2
Three Bluebirds,Dry,"Swedish Dishcloth Avocados, 1 each",2
Sadaf,Dry,"Pickled Mixed Vegetables- Crunchy, 12 oz",2
Republic of Tea,Dry,"Milk Oolong Full-Leaf Oolong Tea, 4 oz",2
Three Bluebirds,Dry,"Swedish Dishcloth Sailboats, 1 each",2
Three Bluebirds,Dry,"Swedish Dishcloth- Cactus, 1 each",2
Agni,Dry,"Cinnamon Maca Seasoning, 1.75 oz",2
Sadaf,Dry,"Harissa Sauce, 10 oz",2
Sadaf,Dry,"Dried Barberries, 6 oz",2
Alice Collective,Dry,"Four Cheese Sauce, 24 oz",2
Alice Collective,Meat,"Boneless Choice Ribeye, .75 Lb",2
Viks,Dry,"Biryani Curry Paste, 10.6 oz",2
Mike Hudson,Dairy,"Urfa Chili & Lemon Marinated Goat Cheese, 4 oz",2
Bariani,Dry,"Balsamic Vinegar, 16 oz",2
LA Miss Apple,Dry,"Jasmine Nutritious and Repairing Hair Mask, 9 oz",2
UNFI,Dry,"Dill Weed, 0.7 oz",2
Lucky Dog,Dry,"Year of the Dog Hot Thai Chile Pineapple Hot Sauce, 5 oz",2
Later Days Coffee Co.,Cold,"Strong Cold Brew Coffee, 8.5 oz",2
UNFI,Dry,"Everyday Extra Virgin Olive Oil, 16.9 oz",2
UNFI,Dry,"Seasoned Rice Vinegar, 12 oz",2
LA Miss Apple,Dry,"Tawashi Scrubber, 1 each",2
LA Miss Apple,Dry,"Mango Shampoo Bar for Dry Hair, 1 each",2
LA Miss Apple,Dry,"French Lavender Bath Bomb, 3 each",2
UNFI,Dry,"Decorticated Ground Cardamom Seed, 2 oz",2
Bi Rite,Dry,"Mandarin Soda, 12.5 oz",2
UNFI,Dry,"Garden Heat Living Vinegar, 12.7 oz",2
Kind Laundry,Dry,"Vegan Stain Remover Bar, 1 each",2
Boichik,Frozen,"Everything Bagel Spice, 2.5 oz",2
Botanica,Dry,"Cacao Coconut Granola, 16 oz",2
BreadBlok,Dry,"Shortbread Cookies, 20 cookies",2
BreadBlok,Dry,"Vanilla Buckwheat Granola, 300 grams",2
Bambu,Dry,"Bamboo Spoon with Integrated Spoon Rest, 1 each",2
Bariani,Dry,"Fall Harvest Extra Virgin Olive Oil, 16 oz",2
Meow Meow Tweet,Dry,"Coconut Cacao Vegan Lip Balm, 1 oz",2
UNFI,Dry,"Coconut Lemon Peri-Peri Sauce, 9.2 oz",2
Arawak,Dry,"Mango Pineapple Pepper Sauce, 8.5 oz",2
Marley's Monsters,Dry,"Surprise Prints Facial Rounds, 20 pack",2
Marley's Monsters,Dry,"Cloth Wipes- Natural, 12 pack",2
Amy Atwood Selection,Wine & Beer,Pinot Noir- Russian River Valley 2019 CA (21+),1
Alice Collective,Cheese,"Castello Regio Taleggio, 7 oz",1
Agni,Dry,"Tulsi Cinnamon Tea, 14 ct",1
Anne's Apothecary,Dry,"Encourage Aromatherapy Soap Bar, 1 each",1
Butter Me Up,Dry,"Organic Sunscreen SPF 45, 4 oz",1
Butter Me Up,Dry,"Lavender Oatmeal Hand Soap, 8 oz",1
BreadBlok,Dry,"Cheese Crackers, 1 each",1
Butter Me Up,Dry,"Kissable Lips Chapstick & Lip Balm, 1 each",1
Abrothacary,Frozen,"Ginger-Aid Ginger Chicken Broth, 16 oz",1
Anne's Apothecary,Dry,"Rescue Facial Oil, 1 each",1
Abeego,Dry,"Variety Beeswax Food Wraps, 3 pack",1
Butter Me Up,Dry,"Anti-Chap Lip Balm, 1 each",1
UNFI,Dry,"Sparkling Mineral Water Twist of Lime- 12 oz, 12 pack",1
Zooies,Bakery,"Birthday Cookie, 1 each",1
Arawak,Dry,"Dry Rub & Spice Blend #2 (Chicken & Seafood), 3.5 oz",1
Brightland,Dry,"Alive- Extra Virgin Olive Oil, 12.7 oz",1
Butter Me Up,Dry,"All Natural Peppermint Whitening/Remineralizing Toothpaste, 2 oz",1
Burke Wine,Wine & Beer,Fiction Rosé- Central Coast 2020 CA (21+),1
Aris Natural Foods,Frozen,"Roasted Butternut Squash Gourmet Ravioli, 10 oz (LA)",1
Viks,Dry,"Tandoori Curry Paste, 10.6 oz",1
Chambers & Chambers,Wine & Beer,Cabernet Sauvignon Estate Bottle 2018 Spain (21+),1
Viks,Dry,"Hot Mango Pickle, 10.6 oz",1
Bambu,Dry,"Bamboo Scraping Spatula, 1 each",1
Voxapod,Dry,"Silicone Menstrual Cup- Small, 1 each",1
Webstaurant,Dry,"Lime Soda, 12.5 oz",1
Viks,Dry,"Super Fine Besan Flour, 16 oz",1
Viks,Dry,"Mango Chutney, 10.6 oz",1
Bambu,Dry,"Large Classic Cutting and Serving Board, 1 each",1
Alter Eco,Dry,"Sea Salt Truffle, 4.2 oz",1
Bambu,Dry,"Medium Classic Cutting and Serving Board, 1 each",1
Chambers & Chambers,Wine & Beer,Tenpai Mugi- Shochu (21+),1
Central Milling,Dry,"Satin Devil's Food Layer Cake, 16 oz",1
Chef's Warehouse,Dry,"Black Winter Truffle Infused Olive Oil, 8 oz",1
Arawak,Dry,"Jamaican Jerk Pepper Sauce, 8.5 oz",1
Central Milling,Dry,"Gluten Free, Non-Dairy Artisan Flour Blend, 22 oz",1
Chef's Warehouse,Dry,"Graham Cracker Crumbs, 8 oz",1
Chef's Warehouse,Dry,"Milk Chocolate 40% Cocoa Disc, 4 oz",1
Central Milling,Dry,"Unbleached Pastry Flour, 21 oz",1
Bi Rite,Dry,"Ginger Beer, 12.7 oz",1
Amy Atwood Selection,Wine & Beer,Doralice Vinho Verde 2020 Portugal (21+),1
UNFI,Dry,"Thai Yellow Curry Paste, 3.53 oz",1
Four Star Seafood,Seafood,"Smoked Salmon, 16 oz",1
Daughters,Dry,"Night Ritual Pillow Spray, 2 oz",1
Nomadic Distribution,Wine & Beer,Octopus Albariño Rias Baixas 2020 Spain (21+),1
Nomadic Distribution,Wine & Beer,Le Gris Rosé Zaer 2019 (21+),1
No Tox Life,Dry,"Deodorant- Pure Aloe, Fragrance Free",1
No Tox Life,Dry,"Deodorant, Earl Grey",1
Moonshot,Dry,"Sourdough Sea Salt Crackers, 5 oz",1
Moon Juice,Dry,"Magnesi-Om- Berry Unstressing Drink, 4 oz",1
Mike Hudson,Dairy,"Original Spreadable Goat Cheese, 4 oz",1
Miir,Dry,"32oz Wide Mouth Bottle- Black, 1 each",1
Meow Meow Tweet,Dry,"Lavender Hemp Conditioner Bar, 2.5 oz",1
UNFI,Dry,"Cassava Flour, 16 oz",1
Meow Meow Tweet,Dry,"Lavender Deodorant Cream, 2.4 oz",1
Meow Meow Tweet,Dry,"Grapefruit Baking Soda Free Deodorant Stick, 1.8 oz",1
Meow Meow Tweet,Dry,"Face Toner, 3.8 oz",1
Meow Meow Tweet,Dry,"Face Cleanser, 3.8 oz",1
UNFI,Dry,"Coconut Flour, 16 oz",1
UNFI,Dry,"Cola, 4 pack",1
Meliora,Dry,"Unscented Laundry Powder, 2 lb",1
Marley's Monsters,Dry,"Unpaper Towels- Vintage Lemons, 6 pack",1
UNFI,Dry,"Dark Red Kidney Beans, 15 oz",1
Marley's Monsters,Dry,"Cleaning Cloth- Cotton Chenille- Black, 1 each",1
Marla Rene Beauty,Dry,"IlluminEyez Eye Cream, 0.5 oz",1
Marla Rene Beauty,Dry,"Cucumber Aloe Micellar Water, 8 oz",1
Lucky Dog,Dry,"Pink Label X Hot Applewood Smoked Habanero Pepper Sauce, 5 oz",1
LA Miss Apple,Dry,"Violet & Lavender Shampoo Bar, 1 each",1
Daughters,Dry,"Women's Health Tea 2.5 oz, 1 each",1
Iya Foods,Dry,"Premium Plantain Flour, 16 oz",1
Nomadic Distribution,Wine & Beer,Mulatschak Orange- Osterreich 2020 Austria (21+),1
Nuts.com,Dry,"Organic Raw Cacao Goji Squares, 9 oz",1
Ital Foods,Dry,"Capers with Wine, 3.88 oz",1
UNFI,Dry,"Almond Extract, 2 oz",1
Sightglass Coffee,Dry,"Banner Dark Whole Bean, 12 oz",1
Selva Negra,Dry,"Brushed Cotton Face Mask- Black- Adult Medium, 1 each",1
Samudra,Dry,"Wild Seaweed Clay Mask, 1.7 oz",1
Stasher,Dry,"Reusable Clear Stand Up Mini Bag, 1 each",1
Stasher,Dry,"Reusable Jade Sandwich Bag, 1 each",1
Sun & Swell Foods,Dry,"Organic Double Cacao Cookie Bites, 14 oz",1
Sadaf,Dry,"Tomato Paste- No Salt Added, 24.7 oz",1
Three Bluebirds,Dry,"Swedish Dishcloth Cherry Blossom, 1 each",1
Sadaf,Dry,"Pickled Garden Vegetables with Eggplant- Haft-e-Bijar Torshi, 16 oz",1
Sadaf,Dry,"Pickled Cucumbers with Dill- Spicy, 24 oz",1
Sadaf,Dry,"Khoresh Ghormeh Sabzi- Herb & Bean Stew, 12 oz",1
Sadaf,Dry,"Khoresh Gheimeh- Yellow Split Pea Stew, 12 oz",1
Tierra Farm,Dry,"Festivus Mix, 16 oz",1
Sadaf,Dry,"Chicken Kebab Seasoning, 2 oz",1
Sadaf,Dry,"Bulgur- Fine, 22 oz",1
Sadaf,Dry,"Bulgur- Coarse, 23 oz",1
Revel Wines,Wine & Beer,Chenin Blanc Clarksburg Merritt Island 2019 CA (21+),1
Republic of Tea,Dry,"Mate Latte Full-Leaf Herbal Tea, 4 oz",1
Republic of Tea,Dry,"Ginger Peach Full-Leaf Black Tea, 4 oz",1
Premier Meats,Meat,"Center Cut Filet Mignon, 8 oz",1
Philly Jawns,Dry,"Seafood Spice Rub, 4 oz",1
P.F. Candle Co,Dry,"Los Angeles Candle, 7.2 oz",1
P.F. Candle Co,Dry,"Dusk Sunset Candle, 1 each",1
Obour,Dry,"Raw Tahini, 12 oz",1
Obour,Dry,"Pomegranate Tahini, 12 oz",1
UNFI,Dry,"Gluten Free Worcestershire Sauce, 8.5 oz",1
Meow Meow Tweet,Dry,"Tea Tree Charcoal Facial Soap, 4.5 oz",1
Four Star Seafood,Seafood,"Yellowfin Tuna Steak (Sushi Grade), 16 oz",1
UNFI,Dry,"Lemon and Herb Peri Peri Sauce, 9 oz",1
Faire,Dry,"Mexican Spiced Hot Chocolate Kit, 5-6 servings",1
UNFI,Dry,"Pomegranate Sparkling Juice, 4 pack",1
Frontier Natural Product Co-Op,Dry,"Ras El Hanout, 2 oz",1
Friendsheep,Dry,"Laundrybugs Eco Dryer Balls, 6 pack",1
Friendsheep,Dry,"Cool Friends/ Penguins Wool Dryer Balls, 6 pack",1
Faire,Dry,"Mixed Woodblock Chicory Napkins, set of 4",1
Faire,Dry,"Natural Bamboo Toothbrushes, 4 pack",1
Faire,Dry,"Railroad Stripe Pot Holder, 1 each",1
UNFI,Dry,"Mean Beans Spicy Pickled Green Beans, 15 oz",1
UNFI,Dry,"Mineral Water, 25.4 oz",1
Four Star Seafood,Seafood,"Norwegian Ocean Trout Fillet (Sushi Grade), 16 oz",1
Four Star Seafood,Seafood,"Alaskan Halibut Fillet Skin Off, 16 oz",1
Faire,Dry,"Rich Body Balm- Kumari, 2 oz",1
Farm Wine,Wine & Beer,Champagne Blanc de Blanc NV FR (21+),1
UNFI,Dry,"Orange Fig Spread, 9 oz",1
UNFI,Dry,"Orange Marmalade, 13 oz",1
Farm Shop,Bakery,"Herb and Toma Cheese Danish, 1 each",1
Faire,Dry,"Rich Cleansing Bar- Marcella, 4.3 oz",1
Farm Shop,Bakery,"Almond Croissant, 1 each",1
Faire,Dry,"Rich Lip Balm- Adore, 1 each",1
Go Go Gyoza,Dry,"Aromatic Soy Sauce, 1 each",1
Healthy on You,Dry,"Provence You've Been Gone, Herbes De Provence, 4 oz",1
Healthy on You,Dry,"While My Za'atar Gently Weeps, Middle Eastern Spice, 4 oz",1
UNFI,Dry,"Gluten-Free Premium Fish Sauce, 6.76 oz",1
UNFI,Dry,"Roasted Red Chili Paste, 4 oz",1
Ital Foods,Dry,"Calabrian Chili Oil, 6.7 oz",1
Dip,Dry,"Wild Sage and Vetiver Shampoo Bar, 4 oz",1
Domenico's,Frozen,"Cheese Agnolotti, 12 oz",1
If You Care,Dry,"Kitchen Twine, 200 feet",1
Domenico's,Frozen,"Porcini Mushroom Agnolotti, 12 oz",1
Hunnybunny Boutique,Dry,"Shea and Coco Soap, 1 each",1
Faire,Dry,"Face Wash, 2.5 oz",1
UNFI,Dry,"Organic Miso Ginger Vinaigrette, 8 oz",1
Healthy on You,Dry,"Lavender Fields Forever, Lavender Sea Salt, 4 oz",1
Goodlight,Dry,"Unscented 15 hour Votive Candles, 4 pack",1
Goodlight,Dry,"Goodlight Unscented Tea Lights, 6 pack",1
Good Stuff,Dry,"Still Spring Water, 17 oz",1
UNFI,Dry,"Jasmine Green Tea, 4 oz",1
Faire,Dry,"Honey Ginger Syrup, 4 oz",1
Faire,Dry,"Lava Pumice Stone, 1 each",1
UNFI,Dry,"Lemon Pepper, 2 oz",1
UNFI,Dry,"Premium Mixers Elderflower Tonic Water, 4 x 6.8 oz",0
Chef's Warehouse,Dry,"Caramel Chocolate 36% Cocoa Disk, 4 oz",0
Adda Veggie,Dry,"Adda Veggie - Herby Roasted Garlic Blend, 93.7 grams",0
Botanica,Dry,"Date Caraway Granola, 16 oz",0
UNFI,Dry,"Organic Sweet Potato Puree, 15 oz",0
Philly Jawns,Dry,"Lemon Pepper Spice Rub, 4 oz",0
LA Miss Apple,Dry,"Coco Nutritious and Repairing Hair Mask, 9 oz",0
Bi Rite,Dry,"Animal Crackers, 16 oz",0
UNFI,Dry,"Gluten-Free Teriyaki Sauce, 10 oz",0
UNFI,Dry,"Green Split Peas, 26 oz",0
Marla Rene Beauty,Dry,"Turmeric and Cranberry Scrub, 2.5 oz",0
Go Go Gyoza,Dry,"Chili Sesame Oil, 1 each",0
Anne's Toum,Cold,"Original Lebanese Garlic Sauce, 9 oz",0
UNFI,Dry,"Chai Tea, 4 oz",0
Ginger Labs,Cold,"Guava Brew Ginger Beer, 32 oz",0
UNFI,Dry,"Unsweetened Black Tea, 1 liter",0
Mike Hudson,Dairy,"Dill Pollen & Garlic Marinated Goat Cheese, 4 oz",0
UNFI,Dry,"Tomato Sauce, 8 oz",0
Central Milling,Dry,"Gluten Free Baking & Pancake Mix, 22 oz",0
Nomadic Distribution,Wine & Beer,L'Aureate Russian River Valley 2020 CA (21+),0
UNFI,Dry,"Gluten-Free Panko Breadcrumbs, 16 oz",0
UNFI,Dairy,"Pure Coconut Yogurt, 8 oz",0
LA Miss Apple,Dry,"Shampoo Bar Grapefruit and Mint for Hair Loss, 1 each",0
Cute Coffee,Dry,"Zeroast Villaricca, 12oz",-1