Item,Market,Order ID
"Banana, 1 each",EB,179
"Banana, 1 each",SF,150
"Banana, 1 each",LA,140
"Blueberries, 1/2 pint",EB,139
"Blueberries, 1/2 pint",SF,131
"Blueberries, 1/2 pint",LA,116
"Avocado, 1 each",LA,111
"Avocado, 1 each",SF,111
"Avocado, 1 each",EB,110
"Tangerines, 1 lb",EB,107
"Organic Cage Free Brown Eggs, 1 dozen",EB,100
"Broccoli Crown, 1 lb",EB,95
"Yellow Onion, 1 each",EB,86
"Baby Spinach, 6 oz",SF,86
"Organic Cage Free Brown Eggs, 1 dozen",SF,86
"Yellow Onion, 1 each",SF,82
"Baby Spinach, 6 oz",EB,81
"Baby Spinach, 6 oz",LA,77
"Fresh Firm Tofu, 12 oz",EB,76
"Fresh Firm Tofu, 12 oz",SF,71
"Blackberries, 1/2 pint",EB,70
"Vine Tomatoes, 1 lb",EB,70
"Table Carrot, 1 each",EB,69
"Strawberries, 1 pint",EB,67
"Strawberries, 1 pint",SF,67
"Crimini Mushroom, 8 oz",EB,67
"Green Onion (Scallions), 1 bunch",EB,66
"Fuji Apple, 1 each",EB,66
"Organic Cage Free Brown Eggs, 1 dozen",LA,64
"Mixed Medley Cherry Tomatoes, 8 oz",EB,64
"Broccoli Crown, 1 lb",SF,62
"Strawberries, 1 pint",LA,62
"Mixed Medley Cherry Tomatoes, 8 oz",SF,62
"Yellow Onion, 1 each",LA,62
"Pink Lady Apple, 1 each",EB,62
"Lemon, 1 each",SF,62
"Red Bell Pepper, 1 each",EB,61
"Lemon, 1 each",EB,61
"Cucumber, 1 each",SF,61
"Green Onion (Scallions), 1 bunch",SF,59
"Raspberries, 1/2 pint",EB,58
"Vine Tomatoes, 1 lb",LA,58
"Tangerines, 1 lb",SF,58
"Crimini Mushroom, 8 oz",SF,58
"Pink Lady Apple, 1 each",SF,58
"Red Bell Pepper, 1 each",SF,58
"Blackberries, 1/2 pint",SF,57
"Garlic, 1 each",EB,56
"Mixed Medley Cherry Tomatoes, 8 oz",LA,55
"Crimini Mushroom, 8 oz",LA,54
"Zucchini, 1 each",EB,54
"Raspberries, 1/2 pint",LA,53
"Lime, 1 each",EB,53
"Cilantro, 1 bunch",EB,53
"Cucumber, 1 each",LA,53
"Lacinato (Dinosaur) Kale, 1 each",EB,52
"Zucchini, 1 each",LA,52
"Table Carrot, 1 each",LA,52
"Romaine Lettuce Head, 1 each",EB,52
"Cucumber, 1 each",EB,52
"Broccoli Crown, 1 lb",LA,52
"Zucchini, 1 each",SF,51
"Green Beans, 16 oz",EB,50
"Raspberries, 1/2 pint",SF,50
"Tangerines, 1 lb",LA,50
"Table Carrot, 1 each",SF,50
"Arugula, 6 oz",EB,49
"Green Onion (Scallions), 1 bunch",LA,49
"Lime, 1 each",SF,49
"Cage Free Eggs, 1 dozen",SF,49
"Cage Free Eggs, 1 dozen",EB,49
"Blackberries, 1/2 pint",LA,49
"Lemon, 1 each",LA,49
"Persian Cucumbers, 1 each",EB,48
"Honeycrisp Apple, 1 each",EB,48
"Persian Cucumbers, 1 each",LA,47
"Shredded Cheddar, 7 oz",EB,47
"Whole Milk, 1/2 gallon",EB,47
"Lacinato (Dinosaur) Kale, 1 each",SF,45
"Fuji Apple, 1 each",LA,45
"Red Bell Pepper, 1 each",LA,44
"Brussel Sprouts, 1 lb",EB,43
"Cauliflower, 1 each",EB,43
"Lacinato (Dinosaur) Kale, 1 each",LA,43
"Red Onion, 1 each",EB,43
"Arugula, 6 oz",SF,43
"Orange Bell Pepper, 1 each",EB,42
"Red Sweet Potato, 1 lb",EB,42
"Flour Tortillas 8 in, 1 dozen",EB,42
"Red Sweet Potato, 1 lb",SF,41
"Arugula, 6 oz",LA,41
"Garlic, 1 each",SF,41
"Honeycrisp Apple, 1 each",SF,41
"Fuji Apple, 1 each",SF,40
"Navel Orange, 1 lb",LA,40
"Vine Tomatoes, 1 lb",SF,40
"Asparagus, 1 lb",EB,40
"Green Kale Bunch, 1 each",SF,39
"Cage Free Eggs, 1 dozen",LA,39
"Brussel Sprouts, 1 lb",SF,39
"Ginger Root, 1 each",EB,38
"Red Pear, 1 each",EB,37
"Extra Sharp Cheddar Cheese, 7 oz",EB,37
"Romaine Lettuce Head, 1 each",LA,37
"Lime, 1 each",LA,37
"Carrot Bunch, 1 each",SF,37
"Boneless Skinless Chicken Thighs, 1 lb",EB,37
"Gold Potatoes, 1 lb",EB,36
"Flour Tortillas 8 in, 1 dozen",SF,36
"Green Kale Bunch, 1 each",EB,36
"Cilantro, 1 bunch",SF,36
"Garlic, 1 each",LA,35
"Broccolini Bunch, 1 each",EB,35
"Ginger Root, 1 each",LA,35
"Extra Virgin Olive Oil, 16 oz",EB,34
"Dried Mango, 5 oz",LA,34
"Cream Cheese, 8 oz",EB,34
"Green Cabbage, 1 each",EB,34
"Mango, 1 each",EB,34
"Red Pear, 1 each",SF,33
"Shredded Cheddar, 7 oz",SF,33
"Navel Orange, 1 lb",SF,33
"Sourdough Bread, 1 each",EB,33
"Boneless Skinless Chicken Thighs- CA Free Range, 1 lb",LA,33
"Green Kale Bunch, 1 each",LA,33
"Shallot, 1 each",SF,33
"Boneless Skinless Chicken Breast- CA Free Range, 1 lb",LA,33
"Basil, 1 bunch",LA,32
"Celery, 1 each",EB,32
"Multigrain Sourdough Pan Loaf, 40 oz",EB,32
"Half & Half, 1 pint",EB,31
"Kiwi, 1 lb",EB,31
"Shiitake Mushrooms, 8 oz",SF,31
"Carrot Bunch, 1 each",LA,31
"Red Sweet Potato, 1 lb",LA,31
"Celery, 1 each",SF,31
"Red Onion, 1 each",SF,31
"Green Bell Pepper, 1 each",SF,31
"Red Leaf Lettuce, 1 each",EB,31
"Shiitake Mushrooms, 8 oz",EB,31
"Celery, 1 each",LA,30
"Frozen Blueberries, 16 oz",LA,30
"Cilantro, 1 bunch",LA,30
"Original Croccantini Artisan Crackers, 5 oz",LA,30
"Red Pear, 1 each",LA,30
"Atlantic Salmon Fillet, 16 oz",SF,30
"Everything Bagel, 1 each",EB,30
"Romaine Lettuce Head, 1 each",SF,29
"Bamboo Toilet Paper, 8 pack",EB,29
"Red Leaf Lettuce, 1 each",LA,29
"Sourdough Bread, 1 each",SF,29
"Mango, 1 each",LA,29
"Persian Cucumbers, 1 each",SF,29
"Extra Virgin Olive Oil, 16 oz",LA,29
"Navel Orange, 1 lb",EB,29
"Applewood Smoked Bacon, 1 lb",EB,29
"Atlantic Salmon Fillet, 16 oz",EB,28
"Mozzarella, 8 oz",SF,28
"Orange Bell Pepper, 1 each",SF,28
"Dried Mango, 5 oz",SF,28
"Grated Parmesan, 6 oz",EB,28
"Dried Mango, 5 oz",EB,28
"Yellow Corn Tortilla Chips, 6 oz",LA,27
"Russet Potato, 1 lb",SF,27
"Cauliflower, 1 each",SF,27
"Kiwi, 1 lb",SF,27
"Grapefruit, 1 each",EB,27
"Green Beans, 16 oz",LA,27
"Mango, 1 each",SF,27
"Cream Top Whole Milk, 1/2 gallon",EB,27
"Sea Salt Potato Chips, 7 oz",EB,27
"Honeycrisp Apple, 1 each",LA,26
"Fresh Firm Tofu, 12 oz",LA,26
"Basil, 1 bunch",EB,26
"Red Leaf Lettuce, 1 each",SF,26
"Boneless Skinless Chicken Breast, 1 lb",EB,26
"Original Croccantini Artisan Crackers, 5 oz",EB,26
"Italian Parsley, 1 bunch",SF,26
"Frozen Mango, 16 oz",LA,26
"Italian Parsley, 1 bunch",EB,26
"Broccolini Bunch, 1 each",LA,25
"Sourdough Country Loaf, 1 each",LA,25
"Grade A Dark Robust Maple Syrup, 12 oz",EB,25
"Ginger Root, 1 each",SF,25
"Sonoma Sour Cream, 8 oz",EB,25
"Peanut Butter Pretzels, 6 oz",EB,25
"Pink Lady Apple, 1 each",LA,25
"Frozen Strawberries, 16 oz",LA,25
"Whole Milk, 1/2 gallon",SF,25
"Boneless Skinless Chicken Thighs, 1 lb",SF,25
"Red Onion, 1 each",LA,24
"White Cheddar Popcorn, 4 oz",EB,24
"Shallot, 1 each",EB,24
"Yellow Corn Tortilla Chips, 6 oz",EB,24
"Baby Bok Choy, 1 lb",EB,24
"Plain Yogurt, 23 oz",EB,24
"Original Croccantini Artisan Crackers, 5 oz",SF,24
"Plain Hummus, 8 oz",EB,24
"Mozzarella, 8 oz",EB,24
"Jalapeno, 1 each",SF,24
"Cauliflower, 1 each",LA,24
"Green Beans, 16 oz",SF,24
"Green Bell Pepper, 1 each",EB,24
"Gold Potatoes, 1 lb",LA,23
"Extra Virgin Olive Oil, 16 oz",SF,23
"Plain Hummus, 8 oz",LA,23
"Jalapeno, 1 each",LA,23
"Multigrain Sourdough Pan Loaf, 40 oz",SF,23
"Kiwi, 1 lb",LA,23
"Grapefruit, 1 each",LA,23
"Creamy Peanut Butter, 12 oz",EB,23
"Russet Potato, 1 lb",EB,23
"Peanut Butter Pretzels, 6 oz",LA,23
"Cream Top 2% Reduced Fat Milk, 1/2 gallon",SF,23
"Spaghetti, 16 oz",EB,22
"Broccoli Florets, 10 oz",SF,22
"California Premium Shredded Monterey Jack Cheese, 7 oz",EB,22
"Turkey Breast, 8 oz",EB,22
"Carrot Bunch, 1 each",EB,22
"Green Cabbage, 1 each",SF,22
"Grade A Dark Robust Maple Syrup, 12 oz",SF,22
"Plain Hummus, 8 oz",SF,22
"Bamboo Toilet Paper, 8 pack",SF,22
"Heavy Whipping Cream, 1 pint",EB,21
"Japanese Sweet Potatoes, 1 Ib",LA,21
"Cinnamon Raisin Bagel, 1 each",EB,21
"Bamboo Toilet Paper, 8 pack",LA,21
"Mary's Ground Turkey, 1 lb",LA,21
"Jalapeno, 1 each",EB,21
"Broccolini Bunch, 1 each",SF,21
"Orange Bell Pepper, 1 each",LA,21
"Green Bell Pepper, 1 each",LA,21
"Morning Glory Kombucha, 16 oz",LA,21
"Spaghetti, 16 oz",SF,21
"Grated Parmesan, 6 oz",SF,21
"Plain Bagel, 1 each",EB,20
"Italian Parsley, 1 bunch",LA,20
"Sesame Bagel, 1 each",EB,20
"Reduced Fat Milk, 1/2 gallon",EB,20
"Creamy Almond Butter, 12 oz",EB,20
"Plain Yogurt, 23 oz",SF,20
"Fresh Squeezed Orange Juice, 32 oz",LA,20
"Sonoma Sour Cream, 8 oz",SF,20
"Shelled Walnut Halves and Pieces, 7 oz",LA,20
"Original Granola, 8 oz",EB,20
"Asparagus, 1 lb",SF,19
"Baby Bok Choy, 1 lb",SF,19
"Whole Milk, 1/2 gallon",LA,19
"Shelled Walnut Halves and Pieces, 7 oz",EB,19
"Broccoli Florets, 10 oz",EB,19
"Feta Crumbled Cheese, 4.5 oz",EB,19
"Medjool Dates, 10 oz",EB,19
"Feta Crumbled Cheese, 4.5 oz",SF,19
"Cream Cheese, 8 oz",SF,19
"Sour Cream + Wild Onion Potato Chips, 7 oz",SF,19
"Salad Blend Shaved Cheese (Asiago, Romano, and Parmesan), 5 oz",EB,19
"Sliced Pepper Jack Cheese, 8 oz",EB,19
"Plain Pita Chips, 8 oz",EB,18
"Sourdough Pretzel Nuggets, 6 oz",EB,18
"Canola Oil, 16 oz",EB,18
"Cream Top 2% Reduced Fat Milk, 1/2 gallon",EB,18
"Chex Mix, 8 oz",EB,18
"Regular Rolled Oats, 14 oz",EB,18
"Cheddar Whales, 11 oz",LA,18
"Gold Potatoes, 1 lb",SF,18
"Russet Potato, 1 lb",LA,18
"Plain Pita Chips, 8 oz",LA,18
"Broccoli Florets, 10 oz",LA,18
"Fresh Squeezed Orange Juice, 32 oz",EB,18
"Reduced Fat Milk, 1/2 gallon",SF,18
"Basil, 1 bunch",SF,18
"Baby Bok Choy, 1 lb",LA,18
"White Mushrooms, 8 oz",LA,18
"Dill, 1 bunch",EB,18
"Super Oat Mylk, 32 oz",LA,18
"Rainbow Chard, 1 bunch",EB,17
"California Premium Shredded Monterey Jack Cheese, 7 oz",SF,17
"Rotisserie Chicken Breast, 8 oz",EB,17
"Peanut Butter Pretzels, 6 oz",SF,17
"French Vanilla Almond Granola, 7 oz",LA,17
"Cheddar Whales, 11 oz",EB,17
"Flour Tortillas 8 in, 1 dozen",LA,17
"Chex Mix, 8 oz",LA,17
"Chicken Tikka Masala, 12.5 oz",EB,17
"Ground Beef, 1 lb",EB,17
"Atlantic Salmon Fillet LA, 1 lb",LA,17
"Eggplant, 1 each",LA,17
"Asparagus, 1 lb",LA,17
"Atalanta Sliced Havarti Cheese, 8 oz",EB,17
"Cinnamon Toast Crunch, 13 oz",EB,17
"Blue Corn Tortilla Chips, 6 oz",SF,17
"Whole Milk, 1 quart",EB,17
"Pork Breakfast Sausage Links, 8 count",EB,17
"Spicy Black Bean Hummus, 8 oz",SF,17
"Boneless Skinless Chicken Breast, 1 lb",SF,17
"Creamy Peanut Butter, 12 oz",SF,16
"Japanese Sweet Potatoes, 1 Ib",EB,16
"Whole Chicken, 2.5-3lbs",EB,16
"Shredded Cheddar, 7 oz",LA,16
"Blue Corn Tortilla Chips, 6 oz",EB,16
"Blue Corn Tortilla Chips, 6 oz",LA,16
"Penne Rigatte, 22 oz",EB,16
"French Vanilla Almond Granola, 7 oz",EB,16
"Brussel Sprouts, 1 lb",LA,16
"Garbanzo Beans, 15 oz",LA,16
"Bamboo Toilet Paper, 1 each",EB,15
"Baguette, 1 each (LA)",LA,15
"Linguine, 16 oz",SF,15
"Unsalted Butter, 8 oz",EB,15
"Skim Milk, 1/2 gallon",EB,15
"Sushi Rice, 26 oz",EB,15
"White Onion, 1 each",SF,15
"Grated Parmesan, 6 oz",LA,15
"Honey Nut Cheerios, 11.5 oz",EB,15
"Bamboo Toilet Paper, 1 each",SF,15
"White Mushrooms, 8 oz",SF,15
"Thyme Herb Potato Chips, 7 oz",EB,15
"Salad Blend Shaved Cheese (Asiago, Romano, and Parmesan), 5 oz",LA,15
"Salted Butter, 8 oz",EB,15
"Cheddar Whales, 11 oz",SF,15
"Everything Bagel, 1 each",SF,15
"Dark Chocolate Covered Almonds, 11 oz",LA,15
"Sliced Swiss Cheese, 8 oz",LA,15
"Whole Peeled Tomatoes, 28 oz",EB,15
"Applewood Smoked Bacon, 1 lb",SF,15
"Natural Ground Turkey, 1 lb",EB,15
"Eggplant, 1 each",EB,14
"Raw Whole Cashews, 9 oz",EB,14
"Heritage O's, 16 oz",EB,14
"Roasted & Salted Pistachios, 6 oz",LA,14
"Rotisserie Chicken Breast, 8 oz",SF,14
"Wild Blueberry Muffin, 1 each",EB,14
"Frozen Strawberries Jar, 16 oz",SF,14
"Rotini, 8 oz",LA,14
"Dry Roasted Peanuts, 10 oz",EB,14
"French Vanilla Yogurt, 23 oz",EB,14
"Sour Cream + Wild Onion Potato Chips, 7 oz",LA,14
"White Mushrooms, 8 oz",EB,14
"Marcona Almonds, 4.5 oz",EB,14
"Maui Onion Potato Chips, 8 oz",EB,14
"Cherry Almond Coffee Cake, 1 each",EB,14
"Fingerling Potatoes, 16 oz",EB,14
"5 Cheese Ravioli, 11.5 oz",EB,14
"Coconut Chips (Flakes), 3 oz",SF,14
"Regular Rolled Oats, 14 oz",SF,14
"Original Granola, 8 oz",LA,14
"Honey, 16oz",EB,14
"Black Beans, 15 oz",EB,14
"Medjool Dates, 10 oz",LA,14
"Extra Sharp Cheddar Cheese, 7 oz",SF,14
"Torchio, 9 oz",LA,14
"Unsalted Butter, 1 lb",SF,13
"Turkey Breast, 8 oz",SF,13
"Shiitake Mushrooms, 8 oz",LA,13
"Delicata Squash, 1 lb",EB,13
"Trimmed Green Beans, 11 oz",LA,13
"Applewood Natural Bacon, 1 lb",LA,13
"Twice Baked Almond Croissant, 1 each",EB,13
"Honey, 16oz",LA,13
"Roasted Butternut Squash Gourmet Ravioli, 10 oz",EB,13
"Dill, 1 bunch",LA,13
"Rigatoni, 20 oz",SF,13
"Rainbow Chard, 1 bunch",LA,13
"Cream Top 2% Reduced Fat Milk, 1/2 gallon",LA,13
"Fingerling Potatoes, 16 oz",SF,13
"Cream Top Fat Free Milk, 1/2 gallon",EB,13
"Grapefruit, 1 each",SF,13
"Whole Raw Almonds, 9 oz",SF,13
"Reduced Fat Milk, 1/2 gallon",LA,13
"Multigrain Flakes, 16 oz",LA,13
"Lemon Greek Kefir Yogurt, 8 oz",LA,13
"Grade A Dark Robust Maple Syrup, 12 oz",LA,13
"California Orange Juice, 32 oz",SF,13
"Fresh Squeezed Orange Juice, 32 oz",SF,13
"Sliced Pain de Mie Pullman Loaf, 23 oz",EB,13
"Wild Mushroom Ravioli, 11.5 oz",SF,13
"Dark Chocolate Brownie Mix, 23 oz",LA,13
"Lundberg Long Grain White Rice, 13 oz",EB,13
MDZ Malbec 2020 Mendoza (21+),EB,13
"Black Beans, 15 oz",LA,13
"Luau Honey BBQ Potato Chips, 7 oz",LA,12
"Roasted and Salted Mixed Nuts, 9 oz",EB,12
"Green Cabbage, 1 each",LA,12
"Serrano Pepper, 1 each",SF,12
"41% Semi-Sweet Cookie Drops, 12 oz",EB,12
"Farro, 23 oz",EB,12
"Medjool Dates, 10 oz",SF,12
"Delicata Squash, 1 lb",SF,12
"Red Beets, 1 bunch",EB,12
"Frozen Blueberries Jar, 16 oz",SF,12
"All Purpose Flour, 22 oz",EB,12
"Ginger Boost Kombucha, 16 oz",LA,12
"Eggplant, 1 each",SF,12
"Penne Rigatte, 22 oz",SF,12
"Potato Gnocchi, 16 oz",EB,12
"Yellow Corn Tortilla Chips, 6 oz",SF,12
"Shallot, 1 each",LA,12
"All Purpose Flour, 22 oz",SF,12
"Regular Rolled Oats, 14 oz",LA,12
"Plain Pita Chips, 8 oz",SF,12
"Black Forest Ham, 8 oz",SF,12
"Sliced Swiss Cheese, 8 oz",SF,12
"Wild Mushroom Ravioli, 11.5 oz",EB,12
"Plain Bagel, 1 each",SF,12
"Torchio, 9 oz",EB,12
"Atalanta Sliced Havarti Cheese, 8 oz",SF,12
"Vegan Portobello Mushroom Tamale, 1 each",SF,12
"Sparkling Mineral Water, 25.3 oz",EB,12
"Serrano Pepper, 1 each",LA,12
"Vanilla Coffee Creamer, 1 quart",EB,12
"Synergy Trilogy Kombucha, 16 oz",LA,12
"Vegetable Madras Curry, 13 oz",EB,12
"Synergy Trilogy Kombucha, 16 oz",EB,12
"Rainbow Chard, 1 bunch",SF,12
"French Vanilla Yogurt, 23 oz",LA,12
"Mozzarella, 8 oz",LA,12
"Plain Yogurt, 23 oz",LA,12
"Salted Butter, 1 lb",SF,12
"41% Semi-Sweet Cookie Drops, 12 oz",SF,12
"Lemon Greek Kefir Yogurt, 8 oz",EB,11
"Spicy Black Bean Hummus, 8 oz",LA,11
"De Cecco Linguine, 16 oz",SF,11
"Chex Mix, 8 oz",SF,11
"Garbanzo Beans, 15 oz",EB,11
"Ground Beef, 1 lb",SF,11
"Atalanta Sliced Havarti Cheese, 8 oz",LA,11
"Sour Cream + Wild Onion Potato Chips, 7 oz",EB,11
"Heavy Whipping Cream, 1 pint",LA,11
"Heavy Whipping Cream, 1 pint",SF,11
"Half & Half, 1 pint",SF,11
"Dishmate Hypoallergenic Grapefruit Dish Soap, 8 oz",LA,11
"Citrus Sunrise Kombucha, 16 oz",LA,11
"Salted Butter, 8 oz",SF,11
"Creamy Peanut Butter, 12 oz",LA,11
"Pecorino Romano, 7 oz",LA,11
"Plain Greek Kefir Yogurt, 8 oz",LA,11
"Cubed Butternut Squash with Thyme, 18 oz",EB,11
"El Corazon Breakfast Blend Whole Bean, 12 oz",LA,11
"Spaghetti, 16 oz",LA,11
"Once Again Creamy Peanut Butter, 12 oz",LA,11
"Thyme Herb Potato Chips, 7 oz",LA,11
"Sushi Rice, 26 oz",SF,11
"Roasted & Salted Pistachios, 6 oz",EB,11
"Japanese Sweet Potatoes, 1 Ib",SF,11
"Unsalted Butter, 8 oz",LA,11
"Sea Salt Puffed Kelp Chips, 3.5 oz",SF,11
"Bella Vista Dark Roast Whole Bean Coffee, 12 oz",EB,11
"Feta Crumbled Cheese, 4.5 oz",LA,11
"Rigatoni, 20 oz",EB,11
"Fingerling Potatoes, 16 oz",LA,11
"Kettle Corn, 2.5 oz",LA,11
"Lemon Rice, 8 oz",EB,11
"Mild Italian Sausage, 1 lb",LA,11
"Riced Cauliflower, 18 oz",EB,11
"Niman Ranch Ground Beef, 1 lb",LA,11
"Fig Greek Kefir Yogurt, 8 oz",LA,10
"Dried Cranberries, 8 oz",EB,10
"Crushed Tomatoes, 28 oz",SF,10
"Cream Top Whole Milk, 1/2 gallon",SF,10
"Plain Greek Kefir Yogurt, 8 oz",SF,10
"Aged Emmi Gruyere, 7 oz",EB,10
"Tomato Basil Soup, 1 portion",EB,10
"Spearmint, 1 bunch",SF,10
"Extra Long Basmati Sella Rice, 13 oz",SF,10
"French Vanilla Almond Granola, 7 oz",SF,10
"Shredded Chicken, 12oz",EB,10
"Cream Cheese, 8 oz",LA,10
"Tomato Basil Pasta Sauce, 23.5 oz",EB,10
"Cream Top Whole Milk, 1 quart",EB,10
"French Vanilla Yogurt, 23 oz",SF,10
"Sliced Pepper Jack Cheese, 8 oz",SF,10
"Thyme Herb Potato Chips, 7 oz",SF,10
"Whole Raw Almonds, 9 oz",LA,10
"Sea Salt Puffed Kelp Chips, 3.5 oz",EB,10
"Pecorino Romano, 7 oz",EB,10
"Queso Fresco, 7 oz",LA,10
"Organic Cane Sugar, 15 oz",SF,10
"Organic Cane Sugar, 15 oz",EB,10
"White Onion, 1 each",EB,10
"Banana Chips, 10 oz",SF,10
"Olive Herb Gluten Free Sourdough Bread Loaf, 1 each (LA)",LA,10
"Raw Whole Cashews, 9 oz",LA,10
"Ketchup, 12 oz",LA,10
"Pecan Halves, 8 oz",EB,10
"Kettle Corn, 2.5 oz",SF,10
"Black Forest Ham, 8 oz",EB,10
"Pumpkin Seeds, 10 oz",SF,10
"Blueboon Whole Bean, 12 oz",EB,10
"Short Grain Brown Rice, 26 oz",EB,10
"Cheddar Bites, 6oz",EB,10
"All Purpose Flour, 22 oz",LA,10
"Roasted & Salted Pistachios, 6 oz",SF,10
"Lavender Lemonade, 16 oz",SF,10
"Lemon Ginger Tiny Bite Cookies, 8oz",EB,10
"Vegan Mozzarella Cheese, 8 oz",LA,10
"Magnolia & Lily Hypoallergenic Laundry Detergent, 16 oz",LA,10
"California Premium Shredded Monterey Jack Cheese, 7 oz",LA,10
"Organic Light Roast Crunchy Peanut Butter, 16 oz",EB,10
"Canola Oil, 16 oz",LA,10
"Potato Gnocchi, 16 oz (LA)",LA,10
"Prosciutto, 4 oz",SF,10
"Baguette, 1 each",EB,10
"Original Lotus Chips, 2 oz",LA,10
"Whole Milk, 1 quart",SF,10
"Heirloom Udon Noodle, 16 oz",EB,10
"Turkey Breast, 8 oz",LA,10
"Cinnamon Toast Crunch, 13 oz",LA,10
"Organic Oat Milk Powder, 11.3 oz",SF,9
"Sparkling Mineral Water, 25.3 oz",SF,9
"Vegan Veggie and Black Bean Tamale, 1 each",EB,9
"Refried Beans, 15 oz",EB,9
"Whole Milk, 1 quart",LA,9
"Dried Apricots, 9 oz",LA,9
"Butternut Squash, 1 each",LA,9
Pinot Noir Rosé Pfalz 2020 Germany (21+),EB,9
"Mayonnaise, 12 oz",EB,9
"Roasted Everything Bagel Cashews, 8 oz",EB,9
"Manchego Cheese Aged 3 Months, 7 oz",LA,9
"Gluten Free Soy Sauce, 10 oz",EB,9
"Original Sourdough Gluten Free Bread Loaf, 1 each (LA)",LA,9
"California Orange Juice, 32 oz",EB,9
"Portobello Mushroom, 8 oz",LA,9
"Bolognese Sauce, 12oz",SF,9
"Black Forest Ham, 8 oz",LA,9
"Peeled Garlic, 8 oz",EB,9
"Prosciutto, 4 oz",EB,9
"Pumpkin Seeds, 10 oz",EB,9
"Sushi Rice, 26 oz",LA,9
"Quick Oats, 14 oz",EB,9
"Prosciutto, 4 oz",LA,9
"Spearmint, 1 bunch",EB,9
"Farro, 23 oz",LA,9
"Sparkling Water- Tangerine, 8 pack",EB,9
"Sliced Pepper Jack Cheese, 8 oz",LA,9
Pinot Grigio Della Venezie 2020 IT (21+),EB,9
"Spicy Black Bean Hummus, 8 oz",EB,9
"Baguette, 1 each",SF,9
"Raw Whole Cashews, 9 oz",SF,9
"Red Beets, 1 bunch",LA,9
"Fresh Unsweetened Almond Milk, 32 oz",EB,9
"Organic Tomato Paste, 6 oz",EB,9
"Baguette (not available on Tuesday), 1 each",EB,9
"Extra Long Basmati Sella Rice, 13 oz",EB,9
"Dill, 1 bunch",SF,9
"Broccoli Cheddar Soup, 15.5 oz",EB,9
"Strip Steak, 12oz",EB,9
"Tomato Basil Soup, 1 portion",SF,9
"Coconut Chips (Flakes), 3 oz",EB,9
"Chips- Himalayan Pink Salt, 8 oz",EB,9
"Trimmed Green Beans, 11 oz",EB,9
"Hemp Peach, 16 oz",SF,9
"Lemon Greek Kefir Yogurt, 8 oz",SF,9
"Trimmed Green Beans, 11 oz",SF,9
"Sesa Miche Loaf (not available on Tuesdays), 1 each",EB,9
"Ketchup, 12 oz",EB,9
"Peppered Turkey Breast, 8 oz",SF,9
"Kettle Corn, 2.5 oz",EB,9
"Hemp Peach, 16 oz",EB,9
"Chocolate Croissant, 1 each",EB,9
"Unsweetened Light Coconut Milk, 13.5 oz",EB,9
"Peppered Turkey Breast, 8 oz",EB,9
"Honey Nut Cheerios, 11.5 oz",LA,9
"Yellow Corn Tortillas, 1 dozen",LA,9
"Vegan Chipotle Turkey, 7 oz",EB,9
"Chicken Party Wings, 1 lb",EB,9
"White Cheddar Popcorn, 4 oz",SF,8
"Extra Sharp Cheddar Cheese, 7 oz",LA,8
"Yellow Corn Tortillas, 1 dozen",EB,8
"Sea Salt Potato Chips, 7 oz",LA,8
"Wasabi Green Peas, 4.5 oz",LA,8
"5 Cheese Ravioli, 11.5 oz",SF,8
"Premium Unsweetened Coconut Cream, 5.4 oz",EB,8
"5 Cheese Ravioli, 11.5 oz (LA)",LA,8
"Orecchiette, 16 oz",EB,8
"Jidori Chicken Gyoza, 1 dozen",LA,8
"Red Beets, 1 bunch",SF,8
"Dark Chocolate Brownie Mix, 23 oz",EB,8
"Shredded Chicken, 12oz",SF,8
"Frozen Blueberries Jar, 16 oz",EB,8
"Bay Leaf, .25 oz",LA,8
"Spearmint Whitening Antiplaque Toothpaste, 5.25 oz",EB,8
"Orecchiette, 16 oz",SF,8
"Coconut Caramel Popcorn, 5.5 oz",SF,8
"Pure Almond Mylk, 32 oz",LA,8
"Honey Nut Cheerios, 11.5 oz",SF,8
"Cinnamon Raisin Bagel (take & bake), 1 each",LA,8
"Whole Chocolate Milk, 1 quart",EB,8
"Deep Dark Salt & Malt Chocolate Bar, 2.82 oz",EB,8
"Chocolate Chip Tiny Bite Cookies, 8oz",LA,8
"Chocolate Chip Tiny Bite Cookies, 8oz",EB,8
"Quick Oats, 14 oz",SF,8
"Unsalted Butter, 1 lb",EB,8
"White Turkish Figs, 11 oz",LA,8
"Spearmint, 1 bunch",LA,8
"Sightglass Owl's Howl Espresso Whole Bean, 12 oz",LA,8
"Bamboo Toilet Paper, 1 each",LA,8
"Serrano Pepper, 1 each",EB,8
"Pastrami, 8 oz",EB,8
"Black Beans, 24 oz",EB,8
"Sparkling Water- Tangerine, 8 pack",LA,8
"Unsweetened Coconut Milk, 13.5 oz",EB,8
"Raisin Bran, 17.5 oz",SF,8
"Black Beans, 15 oz",SF,8
"Great Northern Beans, 15 oz",SF,8
"Ground Pork, 1 lb",EB,8
"Toma Cheese, 7 oz",SF,8
"Whole Chicken, 2.5-3lbs",SF,8
"Salami, 1 each",EB,8
"Sourdough Pretzel Nuggets, 6 oz",SF,8
"Ground Pork- Antibiotic Free, 1 lb",LA,8
"Vegan Mozzarella Cheese, 8 oz",EB,8
"Manchego Cheese Aged 3 Months, 7 oz",SF,8
"Whole Peeled Tomatoes, 28 oz",LA,8
"Shelled Walnut Halves and Pieces, 7 oz",SF,8
"Malted Milk Balls, 10 oz",LA,8
"Sliced Brioche Pullman Loaf, 1 each",LA,8
"Vegan Parmesan Cheese, 8 oz",LA,8
"Peppered Turkey Breast, 8 oz",LA,8
"Gluten Free Soy Sauce, 10 oz",SF,8
"Crunchy Cassava Gluten Free Crackers, 6 oz",EB,8
"All Natural Turkey Meatballs in Marinara, 24 oz",LA,8
"Portobello Mushroom, 8 oz",EB,8
"Roasted Tomato House Salsa, 15.75 oz",SF,8
MDZ Malbec 2020 Mendoza (21+),SF,8
"Sliced Swiss Cheese, 8 oz",EB,8
"Lundberg Long Grain White Rice, 13 oz",SF,8
"Plain Greek Kefir Yogurt, 8 oz",EB,8
"Unfiltered Apple Juice, 1.5 liter",EB,8
"El Corazon Breakfast Blend Whole Bean, 12 oz",EB,8
"Dried Apple, 4 oz",EB,8
"Parma Kale Chips, 4 oz",EB,8
"Heritage O's, 16 oz",SF,8
"Valencia Orange, 4 pack",EB,8
"Pistachio Mulberry Granola, 8 oz",SF,8
"Blueboon Whole Bean, 12 oz",LA,8
"Garbanzo Beans, 15 oz",SF,8
"Cheddar Crackers, 10 oz",SF,8
"Salted Butter, 1 lb",EB,8
"Pork Tenderloin, 16oz",EB,8
"Bone-In Pork Chops, 2 count",EB,8
"Cheddar Bites, 6oz",LA,8
"Creamy Almond Butter, 12 oz",LA,8
"Probiotic Plain Goat Milk Yogurt, 4.75 oz",EB,7
"Pain de Mie Loaf, 34 oz",EB,7
"Half & Half, 1 pint",LA,7
"Pistachio Mulberry Granola, 8 oz",LA,7
"Dry Roasted Peanuts, 10 oz",SF,7
"Ground Cumin, 1 oz",LA,7
"High Peaks Trail Mix, 16 oz",SF,7
"Extra Long Basmati Sella Rice, 13 oz",LA,7
"Sesame Bagel, 1 each",SF,7
"Premium Bamboo Paper Towel Roll, 1 each",EB,7
"Original Granola, 8 oz",SF,7
"Premium Bamboo Paper Towel Roll, 1 each",SF,7
"Premium Mixers Mediterranean Tonic Water, 4 x 6.8 oz",EB,7
"Roasted and Salted Mixed Nuts, 9 oz",SF,7
"Honey Almond Nougat Chocolate Bar, 6.35",LA,7
"Sliced Almonds, 7 oz",SF,7
"Salted Brown Butter Chocolate Bar, 2.82 oz",SF,7
"Sparkling Mineral Water, 25.3 oz",LA,7
"Refried Beans, 15 oz",LA,7
"Salted Brown Butter Chocolate Bar, 2.82 oz",EB,7
"Mirepoix Vegetable Mix, 10 oz",SF,7
"Lavender Lemonade, 16 oz",EB,7
"Mayonnaise, 12 oz",LA,7
"Roasted Everything Bagel Cashews, 8 oz",LA,7
"Spelt Walnut Sourdough Loaf (not available on Mondays and Tuesdays), 1 each",SF,7
"Marinara Sauce, 24 oz",EB,7
"Roasted Maple Glazed Mixed Nuts, 8 oz",EB,7
"Marcona Almond Pesto, 7 oz",EB,7
"Strong Cold Brew Coffee, 32 oz",LA,7
"Manchego Cheese Aged 3 Months, 7 oz",EB,7
"Magnolia & Lily Hypoallergenic Laundry Detergent, 16 oz",SF,7
"Magnolia & Lily Hypoallergenic Laundry Detergent, 16 oz",EB,7
"Garlic Powder, 1.5 oz",LA,7
"Pitted Kalamata Olives, 8 oz",EB,7
"Pain D'Epi Loaf (not available on Tuesdays), 1 each",EB,7
"Red Lentils, 26 oz",LA,7
"Honey Rye Porridge Loaf (not available on Tuesdays), 1 each",EB,7
"Honey, 16oz",SF,7
"Parma Kale Chips, 4 oz",SF,7
"Pinto Beans, 15 oz",EB,7
"French Green Lentils, 26 oz",LA,7
"Seeded Buckwheat Gluten Free Sourdough Bread Loaf, 1 each (LA)",LA,7
"Oreo Cookies, 5 oz",EB,7
"Frenched Pork Chops 8 oz, 2 count",LA,7
"Ora King Salmon Fillet LA, 1 lb",LA,7
"Once Again Creamy Peanut Butter, 12 oz",SF,7
"Jelly Beans, 11 oz",SF,7
"Fresh Unsweetened Almond Milk, 16 oz",SF,7
"Frontier Co-Op Nutritional Yeast, 5 oz",LA,7
"Pecan Halves, 8 oz",LA,7
"Salted Sesame Sticks, 6 oz",SF,7
"Short Grain Brown Rice, 26 oz",LA,7
"Pistachio Mulberry Granola, 8 oz",EB,7
"Creamy Almond Butter, 12 oz",SF,7
"Unsweetened Coconut Milk, 13.5 oz",LA,7
"Dried Apple, 4 oz",SF,7
"Butternut Squash, 1 each",EB,7
"Diced Onion, 10 oz",LA,7
"Cubed Butternut Squash with Thyme, 18 oz",SF,7
"Wild Mushroom Ravioli, 11.5 oz (LA)",LA,7
"Cubed Butternut Squash with Thyme, 18 oz",LA,7
"Tigerwalk Espresso Ground Coffee, 12 oz",SF,7
"Bone-In Pork Chops, 2 count",SF,7
"Backyard BBQ Potato Chips, 7 oz",SF,7
"Vegan Veggie and Black Bean Tamale, 1 each",SF,7
"Cous Cous, 12 oz",EB,7
"Chicken Base, 8 oz",EB,7
"Cheddar Crackers, 10 oz",LA,7
"Burger Buns, 4 count",EB,7
"Cream Top Whole Milk, 1/2 gallon",LA,7
"Albacore Tuna Steak (Sushi Grade), 16 oz",SF,7
"Croissant, 1 each",SF,7
"Creamy Whole Milk Mango Passion Fruit Yogurt, 5.6 oz",EB,7
"Baguette (not available on Tuesday), 1 each",SF,7
"Unsweetened Light Coconut Milk, 13.5 oz",SF,7
"Sun Dried Tomato Pesto, 7 oz",SF,7
"Dried Apricots, 9 oz",SF,7
"Vegan Maple Turkey, 8 oz",LA,7
"Diced Onion, 10 oz",EB,7
"Dark Salted Almond Chocolate Bar, 2.82 oz",EB,7
"41% Semi-Sweet Cookie Drops, 12 oz",LA,7
"Sweetened Dried Mango, 5 oz",EB,7
"Vegan Mushroom Chorizo Breakfast Burrito, 1 each",EB,7
"Strong Cold Brew Coffee, 32 oz",SF,7
"Apple Juice, 32 oz",LA,7
"Classic Hummus, 9 oz",EB,7
"Citrus Hibiscus, 16 oz",EB,7
"Vegan Chili, 1 portion",SF,7
"Bittersweet Chocolate Chip Cookie, 1 each",EB,7
"Whole Raw Almonds, 9 oz",EB,7
"Caramel Sea Salt Popcorn, 5.5 oz",EB,7
"Sweetened Dried Mango, 5 oz",SF,6
"Sweet Italian Sausage, 4 count",SF,6
Prosa Frizzante Rosé 2020 Austria (21+),EB,6
"Sliced Pain de Mie Pullman Loaf, 23 oz",SF,6
"Organic Tomato Paste, 6 oz",SF,6
"Caramel Sea Salt, 6.35 oz",SF,6
"Sonoma Sour Cream, 8 oz",LA,6
"Croissant, 1 each",EB,6
"Premium Bamboo Paper Towel Roll, 1 each",LA,6
"Cheddar Bites, 6oz",SF,6
"Mixed Produce Bag, 10 items",LA,6
"Sour Gummy Worms, 13 oz",LA,6
"Crushed Tomatoes, 28 oz",EB,6
"Crushed Tomatoes, 28 oz",LA,6
"Mini Peanut Butter Cups, 12 oz",LA,6
"Sparkling Water- Passionfruit, 8 pack",LA,6
"Apple Juice, 32 oz",SF,6
"Light Brown Sugar, 30 oz",EB,6
"Backyard BBQ Potato Chips, 7 oz",LA,6
"Fresh Unsweetened Almond Milk, 32 oz",SF,6
"Lemon Rice, 8 oz",LA,6
"Unrefined Toasted Sesame Oil, 8 oz",LA,6
"Lemon Poppyseed Muffin, 1 each",EB,6
"Crunchy Cassava Gluten Free Crackers, 6 oz",SF,6
"Roasted Everything Bagel Cashews, 8 oz",SF,6
"Vegetable Base, 8 oz",SF,6
"Heirloom Udon Noodle, 16 oz",SF,6
"Coco Nutritious and Repairing Hair Mask, 9 oz",EB,6
"Triple Berry Granola, 8 oz",EB,6
"Black Beans, 24 oz",SF,6
"Tuna Fillets in Spring Water, 6.7 oz",SF,6
"Hearts of Palm, 14 oz",LA,6
"Raspberry Lemonade, 32 oz",EB,6
"Humboldt Fog Goat Cheese, 7 oz",EB,6
"Beef Hot Dogs, 4 count",EB,6
"House Napa Cabbage Vegan Kimchi, 16 oz",EB,6
"Unsweetened Coconut Milk, 13.5 oz",SF,6
"Beef Hot Dogs, 4 count",SF,6
"Once Again Creamy Peanut Butter, 12 oz",EB,6
"Unsalted Butter, 8 oz",SF,6
"Sesame Bagel (take & bake), 1 each",LA,6
"Bella Vista Dark Roast Whole Bean Coffee, 12 oz",SF,6
"Chives, 1 bunch",EB,6
"Chocolate Croissant, 1 each",SF,6
"Chives, 1 bunch",LA,6
"Short Rib Tortellini, 10 oz",EB,6
"Oreo Cookies, 5 oz",LA,6
"Red Tart Cherry Juice, 32 oz",EB,6
"Natural Ground Turkey, 1 lb",SF,6
"Pumpkin Seed Basil Pesto, 12oz",EB,6
"Organic Pomegranate Kombucha, 16 oz",SF,6
"Pumpkin Seed Basil Pesto, 12oz",SF,6
"Rosemary Crackers, 35 crackers",EB,6
"Chia Seeds, 22 oz",EB,6
"Cream Top Whole Milk, 1 quart",SF,6
"Chia Seeds, 22 oz",SF,6
"Organic Light Roast Crunchy Peanut Butter, 16 oz",SF,6
Sauvignon Blanc- Russian River Valley 2019 CA (21+),EB,6
"Raisin Bran, 17.5 oz",LA,6
"Quick Oats, 14 oz",LA,6
"Vermont Peppermint Magic Castile Liquid Soap, 8 oz",EB,6
"Sightglass Owl's Howl Espresso Whole Bean, 12 oz",SF,6
"Sea Salt Flakes, 4 oz",LA,6
"Organic Cane Sugar, 15 oz",LA,6
"White Onion, 1 each",LA,6
"Torchio, 9 oz",SF,6
"Traditional Kouign Amann, 1 each",EB,6
"Sweet Italian Sausage, 4 count",EB,6
"Chives, 1 bunch",SF,6
"Everything Bagel (take & bake), 1 each",LA,6
"Deep Dark Sea Salt Chocolate Bar, 2.82 oz",SF,6
"Canola Oil, 16 oz",SF,6
"Peeled Garlic, 8 oz",SF,6
"Fig Greek Kefir Yogurt, 8 oz",SF,6
"Farro, 23 oz",SF,6
"Strawberry Preserve, 10 oz",EB,6
"Angel Hair Pasta, 16 oz",EB,6
"Delicata Squash, 1 lb",LA,6
"Extra Fine Granulated Sugar, 16 oz",SF,6
"Roasted Tomato House Salsa, 15.75 oz",EB,6
"Dry Roasted Peanuts, 10 oz",LA,6
"Extra Long Basmati Rice, 13 oz",LA,6
"Spelt Walnut Sourdough Loaf (not available on Mondays and Tuesdays), 1 each",EB,6
"Sultana Raisins, 10 oz",EB,6
Cabernet Sauvignon 2019 CA (21+),SF,6
"Manchego Cheese Aged 1 Year, 7 oz",EB,6
"Peeled Garlic, 8 oz",LA,6
"Extra Virgin Olive Oil- 100% California, 25.4 oz",SF,6
"Roasted Tomato Habanero Salsa, 15.75 oz",SF,6
"Dried Cranberries, 8 oz",SF,6
"Burger Buns, 4 count",SF,6
"Antibacterial Toilet Cleaning Tabs, 12 each",LA,6
"Vegan Chipotle Turkey, 7 oz",SF,6
"Aged Emmi Gruyere, 7 oz",LA,6
"Riced Cauliflower, 18 oz",LA,6
"Rigatoni, 20 oz",LA,6
"Unsweetened Hemp Milk, 32 oz",SF,5
"Everything Puffed Kelp Chips, 3.5 oz",LA,5
"Red Lentils, 26 oz",SF,5
"Tomato Sauce, 24 oz",LA,5
"Mango Lemonade, 32 oz",EB,5
"Mango Lemonade, 32 oz",LA,5
"Organic Gingerade Kombucha, 16 oz",LA,5
"Vermont 2-yr Aged Cheddar, 7 oz",SF,5
"Rainbow Sprinkles, 3 oz",LA,5
"Silicone Bowl Covers, 6 pack",LA,5
"Cous Cous, 12 oz",LA,5
"Corn Starch, 16 oz",EB,5
"Natural Rice Vinegar, 12 oz",EB,5
"Vegan Chipotle Turkey, 7 oz",LA,5
"Organic Light Roast Crunchy Peanut Butter, 16 oz",LA,5
"Sliced Almonds, 7 oz",EB,5
"Malted Milk Balls, 10 oz",EB,5
"Salted Sesame Sticks, 6 oz",EB,5
"Baking Soda, 3 oz",EB,5
"Sun Dried Tomato Pesto, 7 oz",LA,5
"Creamy Whole Milk Orange Blossom Honey, 4.9 oz",LA,5
"Blood Orange Bliss Juice, 16 oz",SF,5
"Whole Wheat Flour, 22 oz",EB,5
"Unsweetened Light Coconut Milk, 13.5 oz",LA,5
"Organic Pomegranate Kombucha, 16 oz",EB,5
"Tomato Basil Soup, 1 portion",LA,5
"Young Original Jackfruit, 14 oz",EB,5
"Skim Milk, 1/2 gallon",SF,5
"Skim Milk, 1/2 gallon",LA,5
"Pumpkin Seeds, 10 oz",LA,5
"Chia Seeds, 22 oz",LA,5
"Greek Olive Mix, 10.2 0z",EB,5
"Greek Olive Mix, 10.2 0z",LA,5
"Tony's Dark Milk Pretzel Toffee Chocolate Bar 42%, 6.35 oz",SF,5
"Natural Biodegradable Silk Dental Floss and Stainless Steel Metal Container, 1 each + 3 Refills",LA,5
"Black Pepper Medium Ground, 1 oz",SF,5
"Organic Oat Milk Powder, 11.3 oz",EB,5
"Jade Pearl Rice, 13 oz",LA,5
"Sichuan Chili Crisp, 6 oz",SF,5
"Ground Cumin, 1 oz",EB,5
"Marcona Almond Pesto, 7 oz",LA,5
"Classic Milk Chocolate Bar, 6.35 oz",LA,5
"Classic Hummus, 9 oz",SF,5
"Heirloom Soba Noodles, 16 oz",EB,5
"Pine Nuts, 7 oz",SF,5
"Heirloom Udon Noodle, 16 oz",LA,5
"Zesty Citrus & Honey Spreadable Goat Cheese, 4 oz",SF,5
"Wasabi Lotus Chips, 2 oz",LA,5
"6-Grain Pancake & Waffle Mix, 24 oz",SF,5
"Heritage O's, 16 oz",LA,5
"Zhoug Hummus, 9 oz",EB,5
"Cinnamon Toast Crunch, 13 oz",SF,5
"Sesa Miche Loaf (not available on Tuesdays), 1 each",SF,5
"Cinnamon Raisin Bagel, 1 each",SF,5
"Serrano Tomatillo Roasted Tomato Salsa, 15.75 oz",SF,5
"Chocolate Kouign Amann, 1 each",SF,5
"Serrano Tomatillo Roasted Tomato Salsa, 15.75 oz",LA,5
"Dried Cranberries, 8 oz",LA,5
"Chocolate Kouign Amann, 1 each",EB,5
"Hot Curry Hummus, 9 oz",EB,5
"Wasabi Lotus Chips, 2 oz",EB,5
"Olive Herb Gluten Free Sourdough Bread Loaf, 1 each",EB,5
"Chocolate Chip Tiny Bite Cookies, 8oz",SF,5
"Humboldt Fog Goat Cheese, 7 oz",SF,5
"Pitted Kalamata Olives, 8 oz",SF,5
"Sea Salt, 4 oz",SF,5
"El Corazon Breakfast Blend Whole Bean, 12 oz",SF,5
"Chicken Tortilla Soup, 1 portion",EB,5
"Chicken Tortilla Soup, 1 portion",SF,5
"Creamy Whole Milk Pineapple Coconut Yogurt, 5.6 oz",LA,5
"Zesty Citrus & Honey Spreadable Goat Cheese, 4 oz",EB,5
"Organic Apple Cider Vinegar, 16 oz",SF,5
"Black Coffee Cold Brew Concentrate, 32 oz",SF,5
"Raisin Bran, 17.5 oz",EB,5
"Vegan Portobello Mushroom Tamale, 1 each",EB,5
"Ground Turmeric Root, 1.5 oz",EB,5
"Sea Salt Potato Chips, 7 oz",SF,5
"Dried Apricots, 9 oz",EB,5
"Italian Balsamic Vinegar, 17 oz",EB,5
"Short Grain Brown Rice, 26 oz",SF,5
"Butternut Squash, 1 each",SF,5
"Plain Bagel (take & bake), 1 each",LA,5
"Tuna Fillets in Spring Water, 6.7 oz",EB,5
"Clementine Sparkling Juice, 4 pack",EB,5
"Navy Beans, 15 oz",EB,5
"Plain + Simple Coconut Yogurt, 1 each",LA,5
"Black Beans, 24 oz",LA,5
"Sea Salt Puffed Kelp Chips, 3.5 oz",LA,5
"Roasted Butternut Squash Gourmet Ravioli, 10 oz",SF,5
"Cacao Powder, 8 oz",LA,5
"Peppermint Whitening Antiplaque Toothpaste, 5.25 oz",EB,5
"Salami, 1 each",SF,5
"Vegan Cookie Dough, 1 lb",SF,5
"Dark Chocolate Nonpareils, 10 oz",SF,5
"Synergy Trilogy Kombucha, 16 oz",SF,5
"Morning Glory Kombucha, 16 oz",EB,5
"Salad Blend Shaved Cheese (Asiago, Romano, and Parmesan), 5 oz",SF,5
"Daily Light Conditioner- Citrus, 16 oz",SF,5
"Pork Breakfast Sausage Links, 8 count",SF,5
"Morning Glory Kombucha, 16 oz",SF,5
"Mini Pieces, 12 oz",EB,5
"Thyme, 1 bunch",EB,5
"Mini Peanut Butter Cups, 12 oz",SF,5
"Roasted and Salted Mixed Nuts, 9 oz",LA,5
"Thyme, 1 bunch",LA,5
"Thyme, 1 bunch",SF,5
"Reduced Sodium Gluten Free Soy Sauce, 10 oz",LA,5
"Whole Grain Dijon Mustard, 7.3 oz",EB,5
"Louisiana Hot Links, 4 count",EB,5
"Fingerling Potato Halves with Rosemary, 17 oz",SF,5
"Dark Chocolate French Pudding, 3.5 oz",LA,5
"Original Lotus Chips, 2 oz",SF,5
"Pecorino Romano, 7 oz",SF,5
"Whole Peeled Tomatoes, 28 oz",SF,5
"Frontier Co-Op Nutritional Yeast, 5 oz",EB,5
"Light Amber Honey, 17 oz",LA,5
"Vegan Swiss Cheese, 8 oz",LA,5
"Taco Seasoning, 1.5 oz",EB,5
"Bucatini, 16 oz",LA,5
"Lemonade, 32 oz",EB,5
"Dark Chocolate 70% Cocoa Disc, 4 oz",LA,5
"Frozen Organic Pitaya, 16 oz",LA,5
"Sparkling Water- Grapefruit, 8 pack",LA,5
"Portobello Mushroom, 8 oz",SF,5
"Castelvetrano Olives, 10.6 oz",EB,5
"Fig Greek Kefir Yogurt, 8 oz",EB,5
"Broccoli Cheddar Soup, 15.5 oz",LA,5
"Fig Gluten Free Sourdough Bread Loaf, 1 each (LA)",LA,5
"Dairy Free Hazelnut Spread, 9.52 oz",LA,5
"Potato Gnocchi, 16 oz",SF,5
"Angel Hair Pasta, 16 oz",SF,5
"Feel Mo' Betta Double Shot, 4 oz",SF,5
"Pecan Halves, 8 oz",SF,5
"Flax Seeds, 9 oz",LA,5
"M&M's, 13 oz",LA,5
"Organic Vegan Dark Chocolate Pudding, 3.5 oz",LA,5
"Rosemary Crackers, 35 crackers",LA,5
"Parsley, 0.4 oz",EB,5
"Sour Cherry Almond Coconut Yogurt, 1 each",EB,5
"Four Fruits Preserves, 13 oz",EB,5
"Roasted Unsalted Cashew Butter, 12 oz",LA,5
"Crumbled Blue Cheese, 4.5 oz",LA,5
"Yellow Corn Tortillas, 1 dozen",SF,5
"Vegan Chocolate Mousse, 1 each",EB,5
"Party Wings, 2 lb",LA,5
"Plain Yogurt, 4.75 oz",SF,5
"Vanilla Bean Low Fat Greek Yogurt, 5.3 oz",EB,5
"Gluten-Free Sweet Red Chili Dipping Sauce, 6.5 oz",LA,5
"Laundry Detergent Sheets- Ocean Breeze, 60 sheets",EB,5
"Creamy Whole Milk Raspberry Blueberry Yogurt, 5.6 oz",SF,5
"Goat Gouda, 7 oz",SF,5
"Whole Wheat Flour, 22 oz",SF,5
"Roasted Unsalted Sunflower Seeds, 9 oz",SF,5
"Multigrain Flakes, 16 oz",EB,5
"Crushed Red Pepper Flakes, 1.5 oz",SF,5
"Crunchy Cassava Gluten Free Crackers, 6 oz",LA,5
"Deep Dark Blackout Chocolate Bar, 2.82 oz",EB,5
"Salt Vinegar Grain-Free Veggie Chips, 8 oz",LA,5
"Penne Rigatte, 22 oz",LA,5
"Sour Gummy Worms, 13 oz",SF,5
"Lundberg Long Grain White Rice, 13 oz",LA,5
"Bagel Chips, 8 oz",LA,5
"Vegetable Base, 8 oz",EB,5
"Blueboon Whole Bean, 12 oz",SF,5
"Vegan Mushroom Chorizo Breakfast Burrito, 1 each",SF,4
"Reusable Clear Stand Up Mid Bag, 1 each",SF,4
"Seeded Buckwheat Gluten Free Sourdough Bread Loaf, 1 each",EB,4
"Lip Butter- Lavender Earl Grey, 1 each",SF,4
"Sea Salt, 4 oz",LA,4
"Hot Sauce, 5 oz",EB,4
"Chili con Queso Potato Chips, 7 oz",EB,4
"Loma Alta Cheese, 7 oz",EB,4
"Lime Dishwasher Powder, 1 lb",EB,4
"Lightly Sea Salted Mixed Nut Butter, 12 oz",EB,4
"Marinara Sauce, 24 oz",SF,4
"Birthday Candles, 12 pack",LA,4
"Humboldt Fog Goat Cheese, 7 oz",LA,4
"Rosemary, 1 bunch",LA,4
"Marcona Almond Pesto, 7 oz",SF,4
"Non Pareils Capers, 5.3 oz",LA,4
"Hot Dog Buns, 6 count",SF,4
"Vegan Parmesan Cheese, 8 oz",EB,4
"Marinara Sauce, 16 oz",EB,4
"Rosemary, 1 bunch",EB,4
"Wasabi Green Peas, 4.5 oz",EB,4
"Minestrone, 1 portion",LA,4
"00 Flour, 21 oz",LA,4
"Rio Habanero Potato Chips, 7 oz",LA,4
"Bucatini, 16 oz",EB,4
"Sardines in Olive Oil A La Antigua Skin On, 6.7 oz",EB,4
"Mild Nacho Cashew Queso, 10.8 oz",EB,4
"Vegan Lemon Garlic Chicken, 8 oz",SF,4
"Unsweetened Ketchup, 11.3 oz",EB,4
"Sardines in Olive Oil A La Antigua Skin On, 6.7 oz",SF,4
"Vermont 2-yr Aged Cheddar, 7 oz",EB,4
"Cacao Nibs, 8oz",LA,4
"Manchego Cheese Aged 1 Year, 7 oz",SF,4
"Manchego Cheese Aged 1 Year, 7 oz",LA,4
"Riced Cauliflower, 18 oz",SF,4
"Kosher Salt, 16 oz",EB,4
"Lemongrass Turmeric Paste, 3.53 oz",EB,4
"Vegetable Madras Curry, 13 oz",LA,4
"Vegetable Base, 8 oz",LA,4
"Cheddar Crackers, 10 oz",EB,4
"Salted Butter, 1 lb",LA,4
"Malted Milk Balls, 10 oz",SF,4
"Salted Sesame Sticks, 6 oz",LA,4
"Salted Butter, 8 oz",LA,4
"Rio Habanero Potato Chips, 7 oz",EB,4
"Vegan Lemon Garlic Chicken, 8 oz",EB,4
"Roasted Tomato House Salsa, 15.75 oz",LA,4
"Chard Knock Life Green Juice, 16 oz",SF,4
"Chicken Base, 8 oz",SF,4
"Unsweetened Hemp Milk, 32 oz",LA,4
"Maple Pecan Butter, 12 oz",SF,4
"Vanilla Tiny Bite Cookies, 8oz",LA,4
"Rotisserie Chicken Breast, 8 oz",LA,4
"Vegan Parmesan Cheese, 8 oz",SF,4
"Chicken and Spinach Ravioli, 11.5 oz",EB,4
"Bourbon Vanilla Coconut Yogurt, 5 oz",SF,4
"Lemon Poppyseed Muffin, 1 each",SF,4
"Vanilla Tiny Bite Cookies, 8oz",EB,4
"Blueberry Lavender Coconut Yogurt, 1 each",EB,4
"Chicken Tikka Masala, 12.5 oz",SF,4
"Vanilla Hemp Milk, 32 oz",SF,4
"Vanilla Extract, 2 oz",EB,4
"Refined Coconut Oil, 23 oz",EB,4
"Unsweetened Hemp Milk, 32 oz",EB,4
"Vanilla Coffee Creamer, 1 quart",LA,4
"Chana Daal, 12.5 oz",LA,4
"Luau Honey BBQ Potato Chips, 7 oz",EB,4
"Jelly Beans, 11 oz",LA,4
"Chicken Noodle Soup, 1 portion",EB,4
"Roasted Tamari Almonds, 8 oz",LA,4
"Dried Currants, 10 oz",EB,4
"Wasabi Green Peas, 4.5 oz",SF,4
"Goji Berries, 8 oz",LA,4
"Dairy Free Hazelnut Spread, 9.52 oz",EB,4
"Garam Masala, 1.5 oz",EB,4
"Frozen Strawberries Jar, 16 oz",EB,4
"Dark Chocolate Bar 70%, 6.35 oz",LA,4
"Apricot Preserves, 13 oz",SF,4
"Dark Chocolate Brownie Mix, 23 oz",SF,4
"Sparkling Water- Grapefruit, 8 pack",EB,4
"Sparkling Water- Passionfruit, 8 pack",EB,4
"Dark Chocolate Covered Almonds, 11 oz",SF,4
"Dark Chocolate Covered Espresso Beans, 10 oz",LA,4
"Dark Chocolate French Pudding, 3.5 oz",EB,4
"French Vanilla Yogurt, 4.75 oz",SF,4
"Apple Juice, 32 oz",EB,4
"Dark Salted Coconut Toffee Chocolate Bar, 2.82 oz",EB,4
"French Green Lentils, 26 oz",SF,4
"Sparkling Water, 1 liter",EB,4
"Raw Trail Mix, 16 oz",SF,4
"Thai Red Curry, 3.53 oz",EB,4
"Bagel Chips, 8 oz",EB,4
"Crumbled Blue Cheese, 4.5 oz",EB,4
"Organic Tomato Paste, 6 oz",LA,4
"Solid Seaweed Shampoo, 1 each",LA,4
"Gluten-Free Pad Thai Sauce, 8 oz",SF,4
"Crumbled Blue Cheese, 4.5 oz",SF,4
"Bagel Chips, 8 oz",SF,4
"Premium Mixers Club Soda, 4 x 6.8 oz",EB,4
"Artisan Bread Flour, 21 oz",LA,4
"Toilet Bombs, 4 each",LA,4
"Toilet Bombs, 4 each",EB,4
"Original Almond Mylk, 32 oz",LA,4
"Whole Grain Dijon Mustard, 7.3 oz",SF,4
"Garlic Sesame Sticks, 6 oz",LA,4
"Garlic Sesame Sticks, 6 oz",EB,4
"Apple Cider Vinegar, 16 oz",LA,4
"Polenta, 22 oz",EB,4
"Flax Sunflower Sourdough Loaf (not available on Mondays and Tuesdays), 1 each",SF,4
"Acorn Squash, 1 each",EB,4
"Dish Soap Lemon, 1 each",EB,4
"Extra Fine Granulated Sugar, 16 oz",LA,4
"Young Original Jackfruit, 14 oz",LA,4
"Young Original Jackfruit, 14 oz",SF,4
"Strawberry Fennel Flower Kombucha, 16oz",LA,4
"Pickled Cucumbers with Dill, 24 oz",SF,4
"Dried Apple, 4 oz",LA,4
"Yin Yang Cookie, 1 each",LA,4
"Strawberry Lemonade, 32 oz",EB,4
"Strawberry Preserve, 10 oz",LA,4
"Zesty Citrus & Honey Spreadable Goat Cheese, 4 oz",LA,4
"Dried Wild Mushroom Mix, 1.5 oz",EB,4
"Strawberry Yogurt, 4.75 oz",LA,4
"Sugar Cookie Mix, 15 oz",EB,4
"Sultana Raisins, 10 oz",SF,4
"Extra Long Basmati Rice, 13 oz",SF,4
"Plain Yogurt, 4.75 oz",EB,4
"Deep Dark Sea Salt Chocolate Bar, 2.82 oz",EB,4
"Peach Passion Fruit Low Fat Greek Yogurt, 5.3 oz",EB,4
"Peach Passion Fruit Low Fat Greek Yogurt, 5.3 oz",SF,4
"Peanut Butter Chips, 13 oz",SF,4
"Wild Alaskan True Cod Fillet LA, 1 lb",LA,4
"Deep Dark Salted Burnt Caramel Chocolate Bar, 2.82 oz",EB,4
"Animal Crackers, 16 oz",EB,4
"Angel Hair Pasta, 16 oz",LA,4
"Sun Blossom, 16 oz",EB,4
"Diced Mild Green Chiles, 4 oz",EB,4
"Alter Eco Mint Creme Truffles, 1 each",EB,4
"Almond Flour, 16 oz",EB,4
"St Benoit Lemon Yogurt, 23oz",SF,4
"Extra Virgin Olive Oil- 100% California, 25.4 oz",LA,4
"Diced Onion, 10 oz",SF,4
"Gluten-Free Teriyaki Sauce, 10 oz",SF,4
"Banana Chips, 10 oz",EB,4
"Wasabi Lotus Chips, 2 oz",SF,4
"Twice Baked Almond Croissant, 1 each",SF,4
"Greek Pepperoncini, 15.5 oz",SF,4
"Basmati Rice, 13 oz",EB,4
"Organic Garbanzo Beans, 29 oz",EB,4
"Coconola Grain Free Paleo Coconut Granola, 8 oz",EB,4
"Triple Berry Granola, 8 oz",LA,4
"Tuna Fillets in Spring Water, 6.7 oz",LA,4
"White Chocolate Chips, 13 oz",LA,4
"Organic Cashew Milk Concentrate Nutbase, 15 oz",EB,4
"Sesame Nori Seasoning, 1.75 oz",EB,4
"Organic Light Roast Creamy Peanut Butter, 16 oz",EB,4
"Basmati Rice, 13 oz",SF,4
"Pure Lemon Juice, 16 oz",LA,4
"Raspberry Lemonade, 32 oz",LA,4
"Organic Gingerade Kombucha, 16 oz",SF,4
"Citrus Sunrise Kombucha, 16 oz",SF,4
"Concord Grape Juice, 32 oz",EB,4
"Tuna Fillets with Jalapeno in Olive Oil, 6.7 oz",EB,4
"Raspberry Preserves, 13 oz",LA,4
"Whole Branzino LA, 1 lb",LA,4
"Organic Oat Milk Powder, 11.3 oz",LA,4
"Banana Chips, 10 oz",LA,4
"Creamy Whole Milk Orange Blossom Honey, 4.9 oz",SF,4
"Shredded Chicken, 12oz",LA,4
Cabernet Sauvignon Estate Bottle 2018 Spain (21+),SF,4
"Great Northern Beans, 15 oz",LA,4
"Olive Oil Virgin & Refined Blend, 16 oz",SF,4
"Homestyle Savory Chicken Bone Broth, 14 oz",SF,4
"Grass Fed Milk with Rice Crunch Chocolate Bar, 2.65 oz",LA,4
"Creamy Whole Milk Mango Passion Fruit Yogurt, 5.6 oz",LA,4
"Grass Fed Ribeye, 10 oz",LA,4
"Olive Tapenade, 7 oz",LA,4
"Homestyle Savory Chicken Bone Broth, 14 oz",EB,4
"Banana Walnut Chocolate Chip Muffin, 1 each",LA,4
"Bay Leaf, .25 oz",EB,4
"Oregano, 0.5 oz",EB,3
"Almond Flour, 16 oz",SF,3
"Black Lentils, 26 oz",EB,3
"Plain Yogurt, 4.75 oz",LA,3
"Midnight Moon Aged Cheese, 7 oz",SF,3
"Organic Almond Milk Concentrate Nutbase, 15 oz",SF,3
"Ricks Picks The People's Pickle, 24 oz",EB,3
"Mexican Style Chorizo, 16 oz",EB,3
"All Natural Dishwasher Soap, 16 oz",EB,3
"Black Coffee Cold Brew Concentrate, 32 oz",EB,3
"Bucatini, 16 oz",SF,3
"Mexican Sprite, 12 oz",SF,3
"Alaskan Halibut Fillet Skin Off, 16 oz",EB,3
"Buffalo Kale Chips, 4 oz",EB,3
"Midnight Moon Aged Cheese, 7 oz",EB,3
"Blueberry Blast Cereal, 7oz",LA,3
"Peppermint + Charcoal Whitening Antiplaque Toothpaste, 5.25 oz",LA,3
"Buffalo Kale Chips, 4 oz",SF,3
"1:1 Gluten Free Baking Flour, 16 oz",EB,3
"Zhoug Hummus, 9 oz",SF,3
"Raw Cashew Pieces, 9 oz",LA,3
"Matcha Powder Green Tea, 3 oz",EB,3
Pinot Grigio Della Venezie 2020 IT (21+),SF,3
"Pine Nuts, 7 oz",LA,3
"Maui Onion Potato Chips, 8 oz",LA,3
"Pine Nuts, 7 oz",EB,3
"Pickled Sushi Ginger, 6.7 oz",EB,3
"Beef Meatballs, 5 count",EB,3
"Butter Croissant, 1 each",LA,3
"Acorn Squash, 1 each",LA,3
"Acorn Squash, 1 each",SF,3
"Better than Bouillon Roasted Beef Base, 8 oz",LA,3
"Pickled Cucumbers with Dill, 24 oz",LA,3
"Phat Beets Aromatic Pickled Beets, 15 oz",SF,3
"Onion Powder, 1.5 oz",EB,3
"Petrale Sole Fillet, 16 oz",SF,3
"Petrale Sole Fillet, 16 oz",EB,3
"Reusable Clear Stand Up Mini Bag, 1 each",LA,3
"Beachwood Whole Bean Coffee, 12 oz",SF,3
"White Cheddar Popcorn, 4 oz",LA,3
"Orange Plus All Purpose Cleaner, 16 oz",EB,3
"Beachwood Whole Bean Coffee, 12 oz",EB,3
"Aged Emmi Gruyere, 7 oz",SF,3
"Vodka Sauce, 24 oz",EB,3
"Peppermint + Charcoal Whitening Antiplaque Toothpaste, 5.25 oz",SF,3
"Naturals Goddess Dressing, 8 oz",SF,3
"Reusable Clear Snack Bag, 1 each",LA,3
"Milk Hazelnut Chocolate Bar 32%, 6.35 oz",SF,3
"Oxygen Brightener, 2 lb",EB,3
"Orzo Salad, 16oz",LA,3
"Orzo Salad, 16oz",EB,3
"Organic Hearty Rustic Italian Soup, 14 oz",LA,3
"Refried Black Beans, 15 oz",EB,3
"Bourbon Vanilla Coconut Yogurt, 5 oz",LA,3
"Original Lotus Chips, 2 oz",EB,3
"Organic Light Roast Creamy Peanut Butter, 16 oz",SF,3
"Bamboo Cotton Swabs, 200 count",EB,3
"Black Pepper Medium Ground, 1 oz",LA,3
"Boneless Choice Ribeye, .75 Lb",EB,3
"Artisan Ghee, 8 oz",EB,3
"Avocado Ranch Dressing, 10 oz",EB,3
"Moroccan Mint Full-Leaf Green Tea, 4 oz",EB,3
"Backyard BBQ Potato Chips, 7 oz",EB,3
"Organic No-Chicken Noodle Soup- Low Fat, 14.1 oz",LA,3
"Bone Appetite Beef Bone Broth, 16 oz",EB,3
"Organic Whole Salted and Roasted Cashews, 9 oz",EB,3
"Organic Whole Oat Groats, 23 oz",SF,3
"Bamboo Charcoal Toothbrush, 1 each",EB,3
"Multigrain Flakes, 16 oz",SF,3
"Premium Unsweetened Coconut Cream, 5.4 oz",LA,3
"Baking Soda, 3 oz",SF,3
"Organic Pink Lady Apple Kombucha, 16 oz",SF,3
"Blueberry Lavender Coconut Yogurt, 1 each",LA,3
"Organic Pumpkin Puree, 15 oz",EB,3
"Mushroom Base, 8 oz",EB,3
"Pumpkin Seed Basil Pesto, 12oz",LA,3
"Probiotic Vanilla Goat Milk Yogurt, 4.75 oz",LA,3
"Organic Sour Cherry Jam, 13 oz",LA,3
"Organic Gingerade Kombucha, 16 oz",EB,3
"Oxygen Brightener, 2 lb",LA,3
"Passionfruit Lemongrass Kombucha, 16oz",SF,3
"Vegan Truffle Mozzarella, 8 oz",EB,3
"Reusable Clear Stand Up Mid Bag, 1 each",EB,3
"Very Berry Mix, 7 oz",SF,3
"White Turkish Figs, 11 oz",SF,3
"Bake Rise Double Acting Baking Powder, 3 oz",LA,3
"Minestrone, 1 portion",EB,3
"Parma Kale Chips, 4 oz",LA,3
"Minestrone, 1 portion",SF,3
"Apple Cider Vinegar, 16 oz",SF,3
"Mini Marshmallow Bits, 3 oz",LA,3
"Mini Marshmallow Bits, 3 oz",SF,3
"Mini Peanut Butter Cups, 12 oz",EB,3
"Pomegranate Molasses- Premium, 12 oz",LA,3
"Very Berry Mix, 7 oz",EB,3
"Paprika, 1.5 oz",LA,3
"Red Lentils, 26 oz",EB,3
"Vermont Peppermint Magic Castile Liquid Soap, 8 oz",LA,3
"Mini Pieces, 12 oz",SF,3
"Republic Darjeeling Full-Leaf Black Tea, 4 oz",EB,3
"Organic Cashew Milk Concentrate Nutbase, 15 oz",LA,3
"Organic Coco Aminos, 10oz",SF,3
"Pain D'Epi Loaf (not available on Tuesdays), 1 each",SF,3
"Bamboo Paddle Hairbrush, 1 each",SF,3
"Apricot Preserves, 13 oz",LA,3
"Whole Artichoke Hearts, 9.9 oz",LA,3
"Aromatic Soy Sauce, 1 each",SF,3
"Brown Butter Chocolate Chip Cookie, 1 each",LA,3
"Refried Black Beans, 15 oz",LA,3
"Bamboo Cotton Swabs, 200 count",LA,3
"Oxygen Brightener, 2 lb",SF,3
"Artisan Bread Flour, 21 oz",EB,3
"Vanilla Bean Low Fat Greek Yogurt, 5.3 oz",SF,3
"Roasted Garlic Sauce, 24 oz",EB,3
"Crushed Red Pepper Flakes, 1.5 oz",EB,3
"Green Salsa, 16 oz",EB,3
"Concord Grape Juice, 32 oz",SF,3
"Sisal Kitchen Brush, 1 each",EB,3
"Tomato Sauce, 24 oz",EB,3
"Cranberry Cashew Chocolate Mix, 16 oz",EB,3
"Cranberry Cashew Chocolate Mix, 16 oz",SF,3
"Tomato Paste, 24.7 oz",SF,3
"Sisal Multipurpose Hand Brush, 1 each",EB,3
"Cranberry Nectar Juice, 32 oz",SF,3
"Cranberry, Cashew, & Pecan Granola, 8 oz",SF,3
"Skittles, 13 oz",EB,3
"Skittles, 13 oz",SF,3
"Sliced Almonds, 7 oz",LA,3
"Creamy Whole Milk Mango Passion Fruit Yogurt, 5.6 oz",SF,3
"Creamy Whole Milk Orange Blossom Honey, 4.9 oz",EB,3
"Creamy Whole Milk Peach Apricot Yogurt, 5.6 oz",EB,3
"Tomato Basil Pasta Sauce, 23.5 oz",LA,3
"Creamy Whole Milk Peach Apricot Yogurt, 5.6 oz",SF,3
"Creamy Whole Milk Pineapple Coconut Yogurt, 5.6 oz",EB,3
"Gochujang Fermented Chile Paste Concentrated, Medium Heat, 10 oz",LA,3
"Creamy Whole Milk Raspberry Blueberry Yogurt, 5.6 oz",LA,3
"Goat Gouda, 7 oz",LA,3
"Solid Seaweed Shampoo, 1 each",EB,3
"Gluten Free Tamari Soy Sauce, 10 oz",SF,3
"Gluten Free Tamari Soy Sauce, 10 oz",LA,3
"Gluten Free Tamari Soy Sauce, 10 oz",EB,3
"Crush & Brush Mint Toothpaste Tablets, 80 tablets",EB,3
"Silk Velvet Truffles, 4.2 oz",EB,3
"Silicone Bowl Covers, 6 pack",SF,3
"Silicone Bowl Covers, 6 pack",EB,3
"Hazelnut Spread with Cocoa and Milk, 9.52 oz",LA,3
"Serrano Tomatillo Roasted Tomato Salsa, 15.75 oz",EB,3
"Homestyle Savory Chicken Bone Broth, 14 oz",LA,3
"Turmeric, 2.47 oz",SF,3
"High Peaks Trail Mix, 16 oz",LA,3
"High Peaks Trail Mix, 16 oz",EB,3
"Citrus Hibiscus, 16 oz",LA,3
"Sesame Nori Seasoning, 1.75 oz",LA,3
"Citrus Hibiscus, 16 oz",SF,3
"Heirloom Soba Noodles, 16 oz",SF,3
"Tuna Ventresca in Olive Oil, 6.7 oz",EB,3
"Classic Milk Chocolate Bar, 6.35 oz",SF,3
"Classic Vegan Mayo, 12 oz",EB,3
"Hazelnut Spread with Cocoa and Milk, 9.52 oz",EB,3
"Tony's Dark Milk Pretzel Toffee Chocolate Bar 42%, 6.35 oz",LA,3
"Tuna Fillets with Garlic in Olive Oil, 6.7 oz",SF,3
"Short Rib Tortellini, 10 oz",SF,3
"Short Rib Tortellini, 10 oz (LA)",LA,3
"Coconola Grain Free Paleo Coconut Granola, 8 oz",LA,3
"Trail Mix, 16 oz",LA,3
"Coconut Bottle Cleaning Brush, 1 each",LA,3
"Traditional Kouign Amann, 1 each",SF,3
"Ground Korintje Cinnamon, 1.5 oz",LA,3
"Sichuan Chili Crisp, 6 oz",EB,3
"Sichuan Chili Crisp, 6 oz",LA,3
"Ground Cumin, 1 oz",SF,3
"Coconut Caramel Popcorn, 5.5 oz",LA,3
"Toma Cheese, 7 oz",LA,3
"Sour Gummy Worms, 13 oz",EB,3
"Chocolate & Vanilla Soap, 1 each",SF,3
"Ginger Boost Kombucha, 16 oz",EB,3
"Spirulina, 6oz",SF,3
"St Benoit Lemon Yogurt, 23oz",EB,3
"St Benoit Lemon Yogurt, 23oz",LA,3
"Fair Trade Powdered Sugar, 16 oz",EB,3
"Extra Virgin Olive Oil- 100% California, 25.4 oz",EB,3
"Sun Blossom, 16 oz",SF,3
"Sun Blossom, 16 oz",LA,3
"Stone Ground Miche, 1 each",SF,3
"Extra Fine Granulated Sugar, 16 oz",EB,3
"Sultana Raisins, 10 oz",LA,3
"Everything Puffed Kelp Chips, 3.5 oz",EB,3
"Dishmate Hypoallergenic Grapefruit Dish Soap, 8 oz",EB,3
"Everyday Sunscreen SPF 25, 2.7 oz",SF,3
"Strawberry Fennel Flower Kombucha, 16oz",SF,3
"Strawberry Fields Juice, 16 oz",EB,3
"English Breakfast Tea Loose Leaf, 4 oz",EB,3
"Strawberry Fields Juice, 16 oz",SF,3
"Sugar Free Mayonnaise, 12 oz",LA,3
"Strawberry Rose Coconut Yogurt, 1 each",LA,3
"Earl Grey Tea Loose Leaf, 4 oz",SF,3
"Earl Grey Tea Loose Leaf, 4 oz",LA,3
"Strawberry Rose Coconut Yogurt, 1 each",SF,3
"Strawberry Soda, 12.5 oz",EB,3
"Strawberry Yogurt, 4.75 oz",EB,3
"Dried Tart Cherries, 8 oz",EB,3
"Strawberry Yogurt, 4.75 oz",SF,3
"Dried Lemon Slices, 1.9 oz",EB,3
"Spirulina, 6oz",EB,3
"Feel Mo' Betta Double Shot, 4 oz",LA,3
"Spinach Artichoke Danish, 1 each",LA,3
"Dark Chocolate Covered Almonds, 11 oz",EB,3
"Ginger Ale 12 oz, 4 pack",EB,3
"Sourdough Sea Salt Crackers, 5 oz",EB,3
"Daily Light Conditioner- Sweet Pea, 16 oz",LA,3
"Thompson Raisins, 10 oz",LA,3
"Sparkling Water, 1 liter",LA,3
"Dark Almond Sea Salt 51%, 6.35 oz",LA,3
"Sparkling Water, 1 liter",SF,3
"Dark Brown Sugar, 30 oz",EB,3
"Dark Brown Sugar, 30 oz",SF,3
"Taco Seasoning, 1.5 oz",SF,3
"Frontier Co-Op Nutritional Yeast, 5 oz",SF,3
"Dark Chocolate Bar 70%, 6.35 oz",SF,3
"Fresh Unsweetened Almond Milk, 16 oz",EB,3
"Deep Dark Super Blackout Chocolate Bar, 2.65 oz",SF,3
"Fresh Honey Vanilla Almond Milk, 16 oz",SF,3
"Fresh Honey Vanilla Almond Milk, 16 oz",EB,3
"Dark Red Kidney Beans, 24 oz",EB,3
"French Vanilla Yogurt, 4.75 oz",EB,3
"Dark Red Kidney Beans, 24 oz",LA,3
"Dark Salted Almond Chocolate Bar, 2.82 oz",SF,3
"Four Fruits Preserves, 13 oz",LA,3
"De Cecco Linguine, 16 oz",EB,3
"Flax Seeds, 9 oz",SF,3
"Decaf Hunky Dory Whole Bean, 12 oz",LA,3
"Fingerling Potato Halves with Rosemary, 17 oz",EB,3
"Spinach & Ricotta Ravioli, 12 oz",LA,3
"Honey Rye Porridge Loaf (not available on Tuesdays), 1 each",SF,3
"Sparkling Water- Tangerine, 8 pack",SF,3
"Cedar Spruce Baking Soda Free Deodorant Stick, 1.8 oz",EB,3
"Salted Chocolate Chip Cookie- Gluten Free, 1 each",LA,3
"Dried Currants, 10 oz",LA,3
"Lavender Laundry Powder, 2 lb",SF,3
"Lavender Laundry Powder, 2 lb",LA,3
"Salt Vinegar Grain-Free Veggie Chips, 8 oz",EB,3
Chardonnay Bourgogne Blanc Côte d'Auxerre 2018 France (21+),SF,3
"Lavender Coconut Milk Shampoo Bar, 4.5 oz",LA,3
"London Broil Roast Beef, 8 oz",SF,3
"Luau Honey BBQ Potato Chips, 7 oz",SF,3
"Laundry Detergent Sheets- Fragrance Free, 60 sheets",LA,3
"Salami, 1 each",LA,3
"Vanilla Bean French Pudding, 3.5 oz",EB,3
"Urfa Chili & Lemon Marinated Goat Cheese, 4 oz",LA,3
"California Orange Juice, 32 oz",LA,3
"Kurobuta Pork Gyoza, 1 dozen",LA,3
"Kosher Salt, 16 oz",LA,3
"Lundberg Wild Blend Rice, 13 oz",LA,3
"Roasted Unsalted Sunflower Seeds, 9 oz",EB,3
"Roasted Unsalted Cashew Butter, 12 oz",EB,3
"Lavender Lemonade, 16 oz",LA,3
"Lip to Lid Balmies- Of the Earth, 3 pack",SF,3
"Vegan Dish Block, 6 oz",LA,3
"Cayenne Pepper, 1.5 oz",LA,3
"Rosemary Mint Vanilla Shampoo, 16 oz",SF,3
"Rosemary Mint Vanilla Shampoo, 16 oz",EB,3
"Light Brown Sugar, 30 oz",LA,3
"Rotini, 8 oz",SF,3
"Castello Regio Taleggio, 7 oz",SF,3
"Vegan Chili, 1 portion",LA,3
"Limeade, 32 oz",EB,3
"Vegan Cheesecake Slice, 1 each",EB,3
"Rosemary Mint Vanilla Body Lotion, 16 oz",EB,3
"Lemon Artichoke Tapenade, 7 oz",LA,3
"Linguine, 16 oz",EB,3
"Lemon Rice, 8 oz",SF,3
"Hot Dog Buns, 6 count",EB,3
"Lemon Poppyseed Soap, 1 each",EB,3
"Rose Water, 20 oz",LA,3
"Lip to Lid Balmies- Of the Earth, 3 pack",EB,3
"Vanilla Cold Brew Concentrate, 32 oz",LA,3
"Vanilla Coconut French Rice Pudding, 3.5 oz",LA,3
"Vegan Denver Omelette Breakfast Burrito, 1 each",SF,3
"Rosemary, 1 bunch",SF,3
"Jalapeno Lime Grain-Free Veggie Chips, 8 oz",SF,3
"Seasonal Mix Flower Bouquet, 1 each",LA,3
"Italian Seasoning, 0.5 oz",SF,3
"Jalapeno Lime Grain-Free Veggie Chips, 8 oz",LA,3
"Roasted Tomato Habanero Salsa, 15.75 oz",EB,3
"Chicken Tortilla Soup, 1 portion",LA,3
"Cacao Living Coconut Yogurt, 8 oz",EB,3
"Vegan Lemon Garlic Chicken, 8 oz",LA,3
"Roasted Maple Glazed Mixed Nuts, 8 oz",LA,3
"Maple Pecan Butter, 12 oz",LA,3
"Chicken Noodle Soup, 1 portion",SF,3
"Italian Black Truffle Marinated Goat Cheese, 4 oz",EB,3
"Chicken Noodle Soup, 1 portion",LA,3
"Sea Salt Flakes, 4 oz",SF,3
"Vegan Gummy Bears, 6 oz",EB,3
"Jade Pearl Rice, 13 oz",EB,3
"Jelly Beans, 11 oz",EB,3
"Unsalted Butter, 1 lb",LA,3
"Marinara Sauce, 16 oz",LA,3
"Unsweetened Ketchup, 11.3 oz",LA,3
"Vegan Mozzarella Cheese, 8 oz",SF,3
"Ketchup, 12 oz",SF,3
"House Napa Cabbage Vegan Kimchi, 16 oz",LA,3
"Jumbo Green Cardamom, 1.25 oz",EB,3
"Cacao Crunch Cereal, 7oz",EB,3
"Sugar Free Mayonnaise, 12 oz",EB,2
"Strawberry Soda, 12.5 oz",LA,2
"Swedish Dishcloth Hearts, 1 each",SF,2
"Zhong Sauce, 6 oz",EB,2
"Sugar Cookie Mix, 15 oz",SF,2
"Spearmint Whitening Antiplaque Toothpaste, 5.25 oz",SF,2
"Vegan Maple Turkey, 8 oz",EB,2
"Rose Bath Bomb, 3 each",SF,2
"Rosemary Garlic Crackers, 5 oz",EB,2
"Polenta, 22 oz",LA,2
"Spearmint Whitening Antiplaque Toothpaste, 5.25 oz",LA,2
"Rosemary Mint Vanilla Conditioner, 16 oz",SF,2
"Swedish Dishcloth Lemons and Limes, 1 each",SF,2
"Sugar Cookie Mix, 15 oz",LA,2
"Swedish Dishcloth- Cactus, 1 each",LA,2
"Sweet Basil Leaf, 0.6 oz",SF,2
"Vegan Maple Turkey, 8 oz",SF,2
"Swedish Dishcloth Hearts, 1 each",LA,2
"Rosemary Mint Vanilla Conditioner, 16 oz",EB,2
"Sweet Grapefruit Candle, 7.2 oz",EB,2
"Pork Tenderloin, 16oz",SF,2
"Sweetened Dried Mango, 5 oz",LA,2
"Vegan Dish Block, 6 oz",EB,2
"Swedish Dishcloth Cherries, 1 each",SF,2
"St Benoit Tcho Chocolate Pots de Creme, 1 each",LA,2
"Spring Water, 1 liter",EB,2
"Reusable Amethyst Sandwich Bag, 1 each",LA,2
"Wild Seaweed Sea Soap, 4.5 oz",EB,2
"Year of the Dog Hot Thai Chile Pineapple Hot Sauce, 5 oz",SF,2
"Roasted Unsalted Sunflower Seeds, 9 oz",LA,2
"Rich Body Balm- Kumari, 2 oz",SF,2
"Stainless Steel Tea Infuser, 2""",LA,2
"Vegan Denver Omelette Breakfast Burrito, 1 each",EB,2
"Stone Ground Miche, 1 each",EB,2
"Zeroast Villaricca, 12oz",LA,2
"Sundried Tomatoes in Olive Oil, 7.85 oz",EB,2
"Ricks Picks The People's Pickle, 24 oz",LA,2
"Yellowfin Tuna Steak (Sushi Grade), 16 oz",SF,2
"Vegan Roast Beef, 8 oz",SF,2
"Rio Habanero Potato Chips, 7 oz",SF,2
"Vegan Stain Remover Bar, 1 each",EB,2
"Roasted Maple Glazed Mixed Nuts, 8 oz",SF,2
"Surprise Print/Black Washable Sponge, 1 pack",SF,2
"Swedish Dishcloth Avocados, 1 each",LA,2
"Reusable Jade Sandwich Bag, 1 each",LA,2
"Strawberry Preserve, 10 oz",SF,2
"Strawberry Chocolate Cocoa Disk, 4 oz",LA,2
"Strawberry Lemonade, 32 oz",LA,2
"Wild Blueberry Muffin, 1 each",SF,2
"Surprise Print/Black Washable Sponge, 1 pack",EB,2
"Sundried Tomatoes in Olive Oil, 7.85 oz",SF,2
"Vegan Roast Beef, 8 oz",EB,2
"Reusable Silicone Pocket, 2 pack",LA,2
"Rooibos Tea, 4 oz",LA,2
"Superdark Crisp Mint Blackout Chocolate Bar, 2.65 oz",EB,2
"Strawberry Fields Juice, 16 oz",LA,2
"Vegan Gummy Bears, 6 oz",LA,2
"Squid Ink Tonnarelli Pasta, 16 oz",EB,2
"Unrefined Toasted Sesame Oil, 8 oz",EB,2
"Tahini, 16 oz",EB,2
"Vermont 2-yr Aged Cheddar, 7 oz",LA,2
"Sea Salt Flakes, 4 oz",EB,2
Sauvignon Blanc Quivira Sonoma 2019 CA (21+),EB,2
"White Wine Vinegar, 16 oz",EB,2
"Sightglass Owl's Howl Espresso Whole Bean, 12 oz",EB,2
"Sauerkraut, 25 oz",SF,2
"Satin Creme Cake, 16 oz",LA,2
"Roasted Garlic Sauce, 24 oz",SF,2
"White Wine Vinegar, 16 oz",LA,2
"White Wine Vinegar, 16 oz",SF,2
"Vermont Peppermint Magic Castile Liquid Soap, 8 oz",SF,2
"Sardines in Olive Oil A La Antigua Skin On, 6.7 oz",LA,2
"Whole Artichoke Hearts, 9.9 oz",EB,2
"Vegetable Madras Curry, 13 oz",SF,2
"Tony's Dark Milk Pretzel Toffee Chocolate Bar 42%, 6.35 oz",EB,2
"Tongue Scraper, 2 pack",SF,2
"Tongue Scraper, 2 pack",LA,2
"Tomato Sauce, 8 oz",EB,2
"Simply Pesto Traditional Basil Pesto Sauce, 6.35 oz",EB,2
"Trail Mix, 16 oz",EB,2
"Shortbread Cookies, 20 cookies",LA,2
"Tahini, 16 oz",LA,2
"Raspberry Lemonade, 32 oz",SF,2
"Unpaper Towels- Rainbow, 6 pack",EB,2
"Raw Cashew Pieces, 9 oz",SF,2
"Unfiltered Apple Juice, 1.5 liter",LA,2
"Raw Cashew Pieces, 9 oz",EB,2
"Seeded Buckwheat Gluten Free Sourdough Bread Loaf, 1 each",SF,2
"Sea Salt, 4 oz",EB,2
"Vita-Grain Active Dry Yeast, 2 oz",SF,2
"Unsalted Sun-dried Tomatoes, 3 oz",LA,2
"Turmeric and Cranberry Scrub, 2.5 oz",LA,2
"Rao's Homestyle Italian Sausage and Mushroom Sauce, 24 oz",SF,2
"Unsalted Sun-dried Tomatoes, 3 oz",SF,2
"Sesame Nori Seasoning, 1.75 oz",SF,2
"Unsweetened Black Tea, 1 liter",EB,2
"Shampoo Bar Grapefruit and Mint for Hair Loss, 1 each",SF,2
"Red Enchilada Sauce, 15 oz",EB,2
"Ras El Hanout, 2 oz",EB,2
"Tuna Fillets with Garlic in Olive Oil, 6.7 oz",EB,2
"Raos Homestyle Bolognese Sauce, 24 oz",SF,2
"Queso Fresco, 7 oz",EB,2
"Pure Matcha, 40g",SF,2
"Sisal Kitchen Brush- Refill Head, 1 each",LA,2
"Tigerwalk Espresso Ground Coffee, 12 oz",EB,2
"Premium Mixers Mediterranean Tonic Water, 4 x 6.8 oz",SF,2
"Vanilla Extract, 2 oz",LA,2
"Vanilla Extract, 2 oz",SF,2
"Rubbed Sage Leaf, 0.6 oz",EB,2
"Toma Cheese, 7 oz",EB,2
"Sourdough Pretzel Nuggets, 6 oz",LA,2
"Sourdough Sea Salt Crackers, 5 oz",SF,2
"Whole Grain Dijon Mustard, 7.3 oz",LA,2
"Thyme, 0.6 oz",SF,2
"Tomato Sauce, 24 oz",SF,2
"Thyme, 0.6 oz",EB,2
"Sparkling Mineral Water- 12 oz, 12 pack",LA,2
"Sparkling Natural Mineral Water, 25.3 oz",LA,2
"Sparkling Spring Water, 17 oz",EB,2
"Sparkling Spring Water, 17 oz",LA,2
"Vegan Chili Oil Sauce, 7.75 oz",EB,2
"Tahini, 16 oz",SF,2
"Rotini, 8 oz",EB,2
"Vegan Truffle Mozzarella, 8 oz",SF,2
"Refined Coconut Oil, 23 oz",LA,2
"Vanilla Coconut French Rice Pudding, 3.5 oz",SF,2
"Solid Seaweed Conditioner, 1 each",EB,2
"Pure Coconut Yogurt, 8 oz",SF,2
"Red Tart Cherry Juice, 32 oz",LA,2
"Tomato Paste, 24.7 oz",LA,2
Pumpkinhead Wheat Ale (21+),SF,2
"Whole Branzino, 1 lb",EB,2
"Sisal Multipurpose Hand Brush, 1 each",LA,2
"Salted Caramel Truffles, 4.2 oz",LA,2
"Tomato Paste, 24.7 oz",EB,2
"Vanilla Bean Low Fat Greek Yogurt, 5.3 oz",LA,2
"Salt Vinegar Grain-Free Veggie Chips, 8 oz",SF,2
"Sliced Bamboo Shoots, 14 oz",EB,2
"Sliced Bamboo Shoots, 14 oz",LA,2
"Whole Chocolate Milk, 1 quart",SF,2
"Reduced Sodium Gluten Free Soy Sauce, 10 oz",SF,2
"Vanilla Coconut French Rice Pudding, 3.5 oz",EB,2
"Probiotic Vanilla Goat Milk Yogurt, 4.75 oz",EB,2
"Probiotic Plain Goat Milk Yogurt, 4.75 oz",LA,2
"Rainbow Sprinkles, 3 oz",EB,2
"Marcona Almonds, 4.5 oz",SF,2
"Fresh Tomato & Basil Sauce, 16 oz",EB,2
"Immuni-C Supershot, 2 oz",EB,2
"Italian Seasoning, 0.5 oz",EB,2
"Italian Seasoning, 0.5 oz",LA,2
"Chocolate Covered Cherries, 11 oz",EB,2
"Chili con Queso Potato Chips, 7 oz",SF,2
"Chili con Queso Potato Chips, 7 oz",LA,2
"Kosher Dill Relish, 16 oz",EB,2
"Kosher Salt, 16 oz",SF,2
L'Aureate Russian River Valley 2020 CA (21+),EB,2
"Chili Powder Blend, 1.5 oz",LA,2
"Chili Powder Blend, 1.5 oz",EB,2
"Laundry Detergent Sheets- Ocean Breeze, 60 sheets",LA,2
"Laundry Detergent Sheets- Ocean Breeze, 60 sheets",SF,2
"Chili Pepper Puffed Kelp Chips, 3.5 oz",EB,2
"Lavender Bath and Body Soap, 4 oz",SF,2
"Chile Con Queso, 16 oz",SF,2
"Chicken and Spinach Ravioli, 11.5 oz",SF,2
Chianti Colli Senesi Tuscany 2018 Italy (21+),EB,2
"Cherry Almond Swirl Soap, 1 each",SF,2
"Cherry Almond Swirl Soap, 1 each",LA,2
"Italian Black Truffle Marinated Goat Cheese, 4 oz",LA,2
"Chocolate Covered Cherries, 11 oz",SF,2
"Lemon Curd, 13 oz",LA,2
"Cinnamon Maca Seasoning, 1.75 oz",SF,2
"Clove Powder, 1.5 oz",LA,2
"Half Gallon Bag- Clear, 1 each",SF,2
"Classic Vinaigrette Salad Dressing and Marinade, 12.5 oz",SF,2
"Harissa Sauce, 10 oz",SF,2
"Hawaiian Healer Double Shot, 4 oz",LA,2
"Hawaiian Healer Double Shot, 4 oz",SF,2
"Classic Vegan Mayo, 12 oz",LA,2
Heirloom Blend Dry Cider (21+),SF,2
"Hibiscus Flower, 2.2 oz",SF,2
"Home Style Gravy, 16 oz",EB,2
"Home Style Gravy, 16 oz",LA,2
"Hominy, 30 oz",EB,2
"Classic Grass Fed Milk Chocolate Bar, 2.65 oz",SF,2
"Honey Almond Nougat Chocolate Bar, 6.35",EB,2
"Hot Italian Sausage, 4 count",SF,2
"Citrus Sunrise Kombucha, 16 oz",EB,2
"Hot Sauce, 5 oz",LA,2
"Cinnamon Sticks, 1.5 oz",SF,2
"Cinnamon Sticks, 1.5 oz",EB,2
"Cherry Almond Coffee Cake, 1 each",SF,2
"Cheesecloth, 1 each",SF,2
"Ground Turmeric Root, 1.5 oz",LA,2
"Mango Shampoo Bar for Dry Hair, 1 each",SF,2
"California Extra Virgin Avocado Oil, 8.45 oz",SF,2
"Marinara Sauce, 16 oz",SF,2
"California Extra Virgin Avocado Oil, 8.45 oz",LA,2
"Marinara Sauce, 24 oz",LA,2
"California Extra Virgin Avocado Oil, 8.45 oz",EB,2
"Maui Onion Potato Chips, 8 oz",SF,2
"Mayonnaise, 12 oz",SF,2
"Medium Beeswax Food Wraps, 3 pack",LA,2
"Cacao Nibs, 8oz",EB,2
"Cacao Living Coconut Yogurt, 8 oz",SF,2
"Mexican Spiced Hot Chocolate Kit, 5-6 servings",LA,2
"Cacao Crunch Cereal, 7oz",SF,2
"Cacao Crunch Cereal, 7oz",LA,2
"Mexican Style Chorizo, 16 oz",SF,2
"Cacao & Quinoa Crispies Bites, 1.13oz",SF,2
"Meyer Lemon Honey Living Vinegar, 12.7 oz",EB,2
Cabernet Sauvignon 2019 CA (21+),EB,2
"Butter Beans, 15 oz",SF,2
"Mild Nacho Cashew Queso, 10.8 oz",LA,2
"Calm Aromatherapy Soap Bar, 1 each",LA,2
"Caramel Chocolate 36% Cocoa Disk, 4 oz",SF,2
"Lemongrass Turmeric Paste, 3.53 oz",SF,2
"Caramel Sea Salt Popcorn, 5.5 oz",LA,2
"Lightly Sea Salted Mixed Nut Butter, 12 oz",SF,2
"Lime Dishwasher Powder, 1 lb",LA,2
Chardonnay Bourgogne Blanc Côte d'Auxerre 2018 France (21+),EB,2
"Chana Daal, 12.5 oz",SF,2
"Chana Daal, 12.5 oz",EB,2
"Lip Butter- Lavender Earl Grey, 1 each",EB,2
"Chamomile Lemon Full-Leaf Herbal Tea, 4 oz",LA,2
"Chai Tea, 4 oz",EB,2
"Loma Alta Cheese, 7 oz",LA,2
"London Broil Roast Beef, 8 oz",EB,2
"Loofah Dish Sponge, 3 pack",EB,2
"Loofah Dish Sponge, 3 pack",SF,2
"Lundberg Wild Blend Rice, 13 oz",EB,2
"Lundberg Wild Blend Rice, 13 oz",SF,2
"Castelvetrano Olives, 10.6 oz",SF,2
"M&M's, 13 oz",SF,2
"Castelvetrano Olives, 10.6 oz",LA,2
"Mango Lemonade, 32 oz",SF,2
"Caramel Sea Salt Popcorn, 5.5 oz",SF,2
"Guava Brew Ginger Beer, 32 oz",EB,2
"Ground Nutmeg, 1.5 oz",LA,2
"Buffalo Blue Olives, 13 oz",LA,2
"Fig Gluten Free Sourdough Bread Loaf, 1 each",EB,2
"Fig Preserves, 13 oz",EB,2
"Dark Chocolate French Pudding, 3.5 oz",SF,2
"Fig Preserves, 13 oz",SF,2
"Dark Chocolate Covered Espresso Beans, 10 oz",SF,2
"Fire Roasted Gourmet Red Peppers, 12 oz",LA,2
"Flax Seeds, 9 oz",EB,2
"Flax Sunflower Sourdough Loaf (not available on Mondays and Tuesdays), 1 each",EB,2
"Four Cheese Sauce, 24 oz",SF,2
"French Lavender Bath Bomb, 3 each",SF,2
"French Roast Blend Whole Bean Coffee, 12 oz",SF,2
"French Vanilla Yogurt, 4.75 oz",LA,2
"Dark Chocolate 70% Cocoa Disc, 4 oz",EB,2
"Fresh Tomato & Basil Sauce, 16 oz",LA,2
"Garam Masala, 1.5 oz",SF,2
"Garbanzo Beans, 24 oz",SF,2
"Garden Heat Living Vinegar, 12.7 oz",EB,2
"Garlic Peri-Peri Sauce, 9.2 oz",EB,2
"Daily Moisturizing Shampoo- Sweet Pea, 16 oz",LA,2
"Garlic Powder, 1.5 oz",EB,2
"Dark Chocolate Nonpareils, 10 oz",EB,2
"Dark Pecan Coconut Chocolate Bar 51%, 6.35 oz",EB,2
"Genmaicha Tea Loose Leaf, 4 oz",EB,2
"Dark Red Kidney Beans, 29 oz",SF,2
"Dried Black Mission Figs, 11 oz",SF,2
"Dried Lemon Slices, 1.9 oz",SF,2
"Dried Wild Mushroom Mix, 1.5 oz",SF,2
"Dill Pollen & Garlic Marinated Goat Cheese, 4 oz",SF,2
"Dill Pollen & Garlic Marinated Goat Cheese, 4 oz",EB,2
"Dijon Mustard, 11 oz",SF,2
"Dijon Mustard, 11 oz",EB,2
"East Coast Scallops, 1 lb",EB,2
"East Coast Scallops, 1 lb",SF,2
"English Breakfast Tea Loose Leaf, 4 oz",LA,2
"Ethiopia Sidama Ardi Whole Bean Coffee, 12 oz",EB,2
"Everyday Extra Virgin Olive Oil, 16.9 oz",EB,2
"Deep Dark Salt & Malt Chocolate Bar, 2.82 oz",SF,2
"Extra Gentle Shampoo- Citrus, 16 oz",SF,2
"Decaf Hunky Dory Whole Bean, 12 oz",EB,2
"Decaf Blend Whole Bean Coffee, 12 oz",LA,2
"De Cecco Linguine, 16 oz",LA,2
"Falafel Mix, 16 oz",LA,2
"Date Caraway Granola, 16 oz",SF,2
"Garlic Sesame Sticks, 6 oz",SF,2
"Giardinieria- Spicy, 32 oz",EB,2
"Coconut Bottle Cleaning Brush, 1 each",EB,2
"Creamy Whole Milk Pineapple Coconut Yogurt, 5.6 oz",SF,2
"Creamy White Wool Dryer Balls, 6 pack",EB,2
"Great Northern Beans, 15 oz",EB,2
"Greek Olive Mix, 10.2 0z",SF,2
"Greek Pepperoncini, 15.5 oz",LA,2
"Cranberry Almond Muffin, 1 each",EB,2
"Cosmic Cocoa- Adaptogenic Hot Chocolate, 6.9 oz",LA,2
"Green Enchilada Sauce, 15 oz",LA,2
"Cornmeal Medium, 22 oz",LA,2
"Corn Starch, 16 oz",SF,2
"Green Split Peas, 26 oz",EB,2
"Coconut Lemon Peri-Peri Sauce, 9.2 oz",LA,2
"Ground Coriander, 1 oz",EB,2
"Ground Coriander, 1 oz",LA,2
"Coconut Chips (Flakes), 3 oz",LA,2
"Ground Ginger, 1 oz",EB,2
"Ground Ginger, 1 oz",LA,2
"Coconut Caramel Popcorn, 5.5 oz",EB,2
"Ground Ginger, 1 oz",SF,2
"Ground Mustard, 1 oz",EB,2
"Creamy Whole Milk Peach Apricot Yogurt, 5.6 oz",LA,2
"Crush & Brush Mint Toothpaste Tablets, 80 tablets",SF,2
"Ginger Ale 12 oz, 4 pack",LA,2
"Crushed Red Pepper Flakes, 1.5 oz",LA,2
"Ginger Ale 12 oz, 4 pack",SF,2
"Ginger Beer, 12.7 oz",EB,2
"Daily Light Conditioner- Sweet Pea, 16 oz",SF,2
"Gluten Free Baking & Pancake Mix, 22 oz",LA,2
"Gluten Free Peanut Butter Chocolate Chip Cookie Sandwich, 2 ct",SF,2
"Gluten Free Soy Sauce, 10 oz",LA,2
"Gluten Free Vegan Kitchen Sink Cookie Sandwich, 2 ct",EB,2
"Gluten Free Vegan Kitchen Sink Cookie Sandwich, 2 ct",SF,2
"Curry Powder, 1 oz",SF,2
"Curry Powder, 1 oz",LA,2
"Curry Powder, 1 oz",EB,2
"Gluten-Free Panko Breadcrumbs, 16 oz",SF,2
"Gluten-Free Red Curry Paste, 4 oz",EB,2
"Crystallized Ginger, 8 oz",SF,2
"Gluten-Free Red Curry Paste, 4 oz",SF,2
"Crystallized Ginger, 8 oz",LA,2
"Gochujang Fermented Chile Paste Concentrated, Medium Heat, 10 oz",SF,2
"Goji Berries, 8 oz",EB,2
"Goji Berries, 8 oz",SF,2
"Butter Beans, 15 oz",EB,2
"Lemon Pepper Spice Rub, 4 oz",LA,2
"Milk Hazelnut Chocolate Bar 32%, 6.35 oz",LA,2
"Orange Plus All Purpose Cleaner, 16 oz",SF,2
"Oregano, 0.5 oz",LA,2
"Organic Almond Milk Concentrate Nutbase, 15 oz",LA,2
"Bamboo Charcoal Toothbrush, 1 each",LA,2
"Organic Coco Aminos, 10oz",EB,2
"Organic Cotton Tampons with Applicator- Super, 16 count",LA,2
"Organic Dairy Free Caesar Salad Dressing, 8 oz",LA,2
"Bake Rise Double Acting Baking Powder, 3 oz",EB,2
"Organic Garbanzo Beans, 29 oz",SF,2
"Organic Lentil Soup- Low Sodium, 14.5 oz",SF,2
"Organic Light Roast Creamy Peanut Butter, 16 oz",LA,2
"Assam Black Loose Leaf Tea, 3.5 oz",EB,2
"Artisan Bread Flour, 21 oz",SF,2
"Arrabiata Sauce, 14 oz",LA,2
"Arrabiata Sauce, 14 oz",EB,2
"Organic Pomegranate Kombucha, 16 oz",LA,2
"Orecchiette, 16 oz",LA,2
"Bamboo Soap Shelf, 1 each",EB,2
"Natural Biodegradable Silk Dental Floss and Stainless Steel Metal Container, 1 each + 3 Refills",EB,2
"Bamboo Soap Shelf, 1 each",LA,2
Beaujolais Rouge 2020 FR (21+),SF,2
"Natural Spring Water, 16.9 oz",EB,2
"Naturals Goddess Dressing, 8 oz",EB,2
"Bay Leaf, .25 oz",SF,2
"Basmati Rice, 13 oz",LA,2
"Navy Beans, 15 oz",SF,2
"Non Pareils Capers in Sea Salt, 3.5 oz",EB,2
"Non Pareils Capers, 5.3 oz",EB,2
"Banana & Nibs Cacao Bites, 1.13oz",LA,2
"Olive Oil & Balsamic Vinaigrette, 8 oz",SF,2
"Olive Oil Virgin & Refined Blend, 16 oz",EB,2
"Bamboo Spoon with Integrated Spoon Rest, 1 each",EB,2
"Olive Tapenade, 7 oz",SF,2
"Onion Powder, 1.5 oz",LA,2
"Ora King Salmon Fillet Skin On (Sushi Grade), 16 oz",EB,2
"Organic Pumpkin Puree, 15 oz",SF,2
"Arrabbiata Sauce, 24 oz",EB,2
"Apricot Preserves, 13 oz",EB,2
"Organic Red Wine Vinegar, 12.7 oz",LA,2
"Agave Syrup, 4 oz",LA,2
"Agave Syrup, 4 oz",EB,2
"Pastrami, 8 oz",SF,2
"Peach Passion Fruit Low Fat Greek Yogurt, 5.3 oz",LA,2
"Pepper Jack Bites, 6oz",LA,2
"Peppermint + Charcoal Whitening Antiplaque Toothpaste, 5.25 oz",EB,2
"Peppermint Malted Milk Chocolate Balls, 10 oz",EB,2
"Adda Veggie - Herby Roasted Garlic Blend, 93.7 grams",EB,2
"85% Dark Chocolate Bar, 3 oz",SF,2
"Pickled Garlic- Seer Torshi, 12 oz",EB,2
"6-Grain Pancake & Waffle Mix, 24 oz",LA,2
"Pickled Sushi Ginger, 6.7 oz",LA,2
"1:1 Gluten Free Baking Flour, 16 oz",SF,2
"100% Real Powdered Wasabi, 1.5 oz",SF,2
Pinot Noir Rosé Pfalz 2020 Germany (21+),SF,2
"Agave Syrup, 4 oz",SF,2
"Parchment Baking Paper, 70 sq ft",SF,2
"All Natural Dishwasher Soap, 16 oz",SF,2
"Original Kombucha, 16 oz",SF,2
"Annies Worcestershire Sauce, 6.25 oz",EB,2
"Organic Sweet Potato Puree, 15 oz",EB,2
"Organic Vegan Dark Chocolate Pudding, 3.5 oz",EB,2
"Almond Flour, 16 oz",LA,2
"Organic Whole Salted and Roasted Cashews, 9 oz",SF,2
"Original Kombucha, 16 oz",LA,2
"Original Lebanese Garlic Sauce, 9 oz",EB,2
"Parchment Baking Paper, 70 sq ft",EB,2
"All Purpose Beehive Malted Flour, 22 oz",EB,2
"Orzo Salad, 16oz",SF,2
"Oyster Sauce, 9.1 oz",SF,2
"PB&J Cookie, 1 each",LA,2
"Pain de Mie Loaf, 34 oz",SF,2
"Paprika, 1.5 oz",SF,2
"Natural Rice Vinegar, 12 oz",SF,2
"Dried Black Mission Figs, 11 oz",LA,2
"Black Eyed Peas, 15 oz",EB,2
"Mirepoix Vegetable Mix, 10 oz",EB,2
"Blood Orange Bliss Juice, 16 oz",LA,2
"Mixed Berry Low Fat Greek Yogurt, 5.3 oz",SF,2
"Mushroom Base, 8 oz",LA,2
"Mirepoix Vegetable Mix, 10 oz",LA,2
"Mushroom Base, 8 oz",SF,2
"Black Mustard Seed, 2 oz",EB,2
"Mixed Berry Low Fat Greek Yogurt, 5.3 oz",EB,2
"Boneless Choice Ribeye, .75 Lb",SF,2
"Blueberry Blast Cereal, 7oz",SF,2
"Nacho Cheese- Chipotle, 16 oz",SF,2
"Better than Bouillon Roasted Beef Base, 8 oz",SF,2
"Black Pepper Medium Ground, 1 oz",EB,2
"Calabrian Chili Oil, 6.7 oz",LA,1
"Daily Moisturizing Body Wash- Citrus, 16 oz",SF,1
Tenpai Mugi- Shochu (21+),EB,1
"Tea Tree Charcoal Facial Soap, 4.5 oz",EB,1
"Tawashi Scrubber, 1 each",SF,1
"Cacao Powder, 8 oz",SF,1
"Thai Yellow Curry Paste, 3.53 oz",EB,1
"Tawashi Scrubber, 1 each",LA,1
"Vegan Dish Block, 6 oz",SF,1
"Chana Masala, 1.5 oz",EB,1
"All Natural Peppermint Whitening/Remineralizing Toothpaste, 2 oz",LA,1
"Daily Moisturizing Shampoo- Sweet Pea, 16 oz",SF,1
"Dark Almond Sea Salt 51%, 6.35 oz",EB,1
"Vegan Gummy Bears, 6 oz",SF,1
"All Purpose Beehive Malted Flour, 22 oz",SF,1
"Tandoori Curry Paste, 10.6 oz",SF,1
"Cacao Powder, 8 oz",EB,1
"Dark Almond Sea Salt 51%, 6.35 oz",SF,1
"Cacao Nibs, 8oz",SF,1
"Dark Brown Sugar, 30 oz",LA,1
"Blueberry Blast Cereal, 7oz",EB,1
"Dark Chocolate 70% Cocoa Disc, 4 oz",SF,1
"Alive- Extra Virgin Olive Oil, 12.7 oz",LA,1
"Taco Seasoning, 1.5 oz",LA,1
"Thompson Raisins, 10 oz",EB,1
"Daily Moisturizing Body Wash- Citrus, 16 oz",LA,1
"Almond Croissant, 1 each",LA,1
"Anti-Chap Lip Balm, 1 each",EB,1
"Blazin' Hot BBQ Sauce, 13 oz",LA,1
"Black Winter Truffle Infused Olive Oil, 8 oz",SF,1
"Toasted Tahini, 12 oz",EB,1
"Annies Worcestershire Sauce, 6.25 oz",LA,1
"Toasted Tahini, 12 oz",LA,1
"Toasted Tahini, 12 oz",SF,1
"Antibacterial Toilet Cleaning Tabs, 12 each",EB,1
"Alfredo Pasta Sauce, 15 oz",EB,1
"Whole Wheat Flour, 22 oz",LA,1
"Antibacterial Toilet Cleaning Tabs, 12 each",SF,1
"Crystallized Ginger, 8 oz",EB,1
"Tom Yum Paste, 3.53 oz",LA,1
"Tom Yum Paste, 3.53 oz",SF,1
"Apple Cider Vinegar, 16 oz",EB,1
"Tigerwalk Espresso Ground Coffee, 12 oz",LA,1
"Cucumber Aloe Micellar Water, 8 oz",EB,1
"Wild Blueberry Preserve, 10 oz",EB,1
"Wild Blueberry Preserve, 10 oz",SF,1
"Amber and Moss Candle, 7.2 oz",SF,1
"Amber and Moss Candle, 7.2 oz",LA,1
"Alter Eco Mint Creme Truffles, 1 each",SF,1
"Daily Light Conditioner- Citrus, 16 oz",EB,1
"Wild Sage and Vetiver Shampoo Bar, 4 oz",EB,1
"Wild Seaweed Clay Mask, 1.7 oz",EB,1
"Daily Light Conditioner- Citrus, 16 oz",LA,1
"Blazin' Hot BBQ Sauce, 13 oz",SF,1
"Daily Light Conditioner- Sweet Pea, 16 oz",EB,1
"Women's Health Tea 2.5 oz, 1 each",SF,1
"Daily Moisturizing Body Wash- Citrus, 16 oz",EB,1
"Thompson Raisins, 10 oz",SF,1
"Almond Extract, 2 oz",SF,1
"Alfredo Pasta Sauce, 15 oz",LA,1
"Dark Chocolate Bar 70%, 6.35 oz",EB,1
"Blueberry Lavender Coconut Yogurt, 1 each",SF,1
"Brushed Cotton Face Mask- Black- Adult Medium, 1 each",LA,1
"Super Fine Besan Flour, 16 oz",LA,1
"Deodorant- Pure Aloe, Fragrance Free",SF,1
"Deodorant, Earl Grey",SF,1
"Superdark Crisp Mint Blackout Chocolate Bar, 2.65 oz",SF,1
"Deep Dark Super Blackout Chocolate Bar, 2.65 oz",EB,1
"Surprise Print/Black Washable Sponge, 1 pack",LA,1
"85% Dark Chocolate Bar, 3 oz",LA,1
"Zhong Sauce, 6 oz",LA,1
"Vegan Swiss Cheese, 8 oz",SF,1
"Deep Dark Salted Burnt Caramel Chocolate Bar, 2.82 oz",LA,1
"Surprise Prints Facial Rounds, 20 pack",EB,1
"Surprise Prints Facial Rounds, 20 pack",SF,1
"Broccoli Cheddar Soup, 15.5 oz",SF,1
"Deep Dark Blackout Chocolate Bar, 2.82 oz",SF,1
"Butter Beans, 15 oz",LA,1
"Diced Mild Green Chiles, 4 oz",SF,1
"Black Mustard Seed, 2 oz",SF,1
"Bulgur- Coarse, 23 oz",SF,1
"Dried Barberries, 6 oz",EB,1
"Vegan Roast Beef, 8 oz",LA,1
Doralice Vinho Verde 2020 Portugal (21+),EB,1
"Dishmate Hypoallergenic Grapefruit Dish Soap, 8 oz",SF,1
"Dish Soap Lemon, 1 each",LA,1
"Dill Weed, 0.7 oz",LA,1
"Dill Weed, 0.7 oz",EB,1
"Zhong Sauce, 6 oz",SF,1
"Bulgur- Fine, 22 oz",LA,1
"Vegan Swiss Cheese, 8 oz",EB,1
"32oz Wide Mouth Bottle- Black, 1 each",EB,1
"Sun Dried Tomato Pesto, 7 oz",EB,1
"6-Grain Pancake & Waffle Mix, 24 oz",EB,1
"Dijon Mustard, 11 oz",LA,1
"Adda Veggie - Original, 92.1 grams",EB,1
"Decorticated Ground Cardamom Seed, 2 oz",LA,1
"Decorticated Ground Cardamom Seed, 2 oz",EB,1
"Szechuan Spicy Stir-Fry Sauce, 11.5 oz",SF,1
"Dark Red Kidney Beans, 29 oz",EB,1
"Dark Red Kidney Beans, 24 oz",SF,1
"Dark Red Kidney Beans, 15 oz",SF,1
"Dark Pecan Coconut Chocolate Bar 51%, 6.35 oz",SF,1
"Adda Veggie - Original, 92.1 grams",SF,1
"Szechuan Spicy Stir-Fry Sauce, 11.5 oz",EB,1
"Bone Appetite Beef Bone Broth, 16 oz",SF,1
"Swedish Dishcloth Cherries, 1 each",EB,1
"Cacao Coconut Granola, 16 oz",LA,1
"Bolognese Sauce, 12oz",LA,1
"Cacao Coconut Granola, 16 oz",SF,1
"Bolognese Sauce, 12oz",EB,1
"Yellowfin Tuna Steak (Sushi Grade), 16 oz",EB,1
"Albacore Tuna Steak (Sushi Grade), 16 oz",EB,1
"Dark Red Kidney Beans, 29 oz",LA,1
"Cacao & Quinoa Crispies Bites, 1.13oz",LA,1
"Dark Salted Coconut Toffee Chocolate Bar, 2.82 oz",LA,1
"Dark Salted Coconut Toffee Chocolate Bar, 2.82 oz",SF,1
"Adda Veggie - Original, 92.1 grams",LA,1
"Sweet Basil Leaf, 0.6 oz",LA,1
"Sweet Basil Leaf, 0.6 oz",EB,1
"Date Tahini, 12 oz",EB,1
"Swedish Dishcloth Sailboats, 1 each",SF,1
Cabernet Sauvignon Estate Bottle 2018 Spain (21+),EB,1
"Date Tahini, 12 oz",SF,1
"Swedish Dishcloth Lemons and Limes, 1 each",LA,1
"Swedish Dishcloth Lemons and Limes, 1 each",EB,1
"Zero Light Green Medium Tare Weight Bag, 1 each",LA,1
"Swedish Dishcloth Hearts, 1 each",EB,1
"Swedish Dishcloth Cherry Blossom, 1 each",SF,1
"Zeroast Villaricca, 12oz",EB,1
"Crush & Brush Mint Toothpaste Tablets, 80 tablets",LA,1
"Cream Top Fat Free Milk, 1/2 gallon",SF,1
"Black Mustard Seed, 2 oz",LA,1
"Chili Powder Blend, 1.5 oz",SF,1
"Unrefined Toasted Sesame Oil, 8 oz",SF,1
"Chips- Himalayan Pink Salt, 8 oz",LA,1
"Bamboo Spoon with Integrated Spoon Rest, 1 each",SF,1
"Bamboo Toilet Paper, 8 pack",SO,1
"Chili Sesame Oil, 1 each",SF,1
"Chili Sesame Oil, 1 each",LA,1
"Unsalted Sun-dried Tomatoes, 3 oz",EB,1
"Unscented Bath and Body Soap Bar, 4 oz",EB,1
"Vanilla Hemp Milk, 32 oz",LA,1
"Banana & Nibs Cacao Bites, 1.13oz",SF,1
"Vanilla Hemp Milk, 32 oz",EB,1
"Banner Dark Whole Bean, 12 oz",EB,1
"Biryani Curry Paste, 10.6 oz",LA,1
"Unscented 15 hour Votive Candles, 4 pack",EB,1
"Chocolate & Vanilla Soap, 1 each",LA,1
"Bamboo Spoon with Integrated Spoon Rest, 1 each",LA,1
"Unpaper Towels- Vintage Lemons, 6 pack",LA,1
"Unpaper Towels- Surprise Prints, 6 pack",SF,1
"Unpaper Towels- Surprise Prints, 6 pack",LA,1
"White Turkish Figs, 11 oz",EB,1
"Vita-Grain Active Dry Yeast, 2 oz",LA,1
"Center Cut Filet Mignon, 8 oz",LA,1
"Unpaper Towels- Surprise Prints, 6 pack",EB,1
"Unpaper Towels- Rainbow, 6 pack",LA,1
"Chocolate Covered Cherries, 11 oz",LA,1
"Unfiltered Apple Juice, 1.5 liter",SF,1
"Cedar Spruce Baking Soda Free Deodorant Stick, 1.8 oz",SF,1
"Vita-Grain Active Dry Yeast, 2 oz",EB,1
"Bamboo Soap Shelf, 1 each",SF,1
"Unbleached Pastry Flour, 21 oz",SF,1
"Cayenne Pepper, 1.5 oz",SF,1
"White Chocolate Chips, 13 oz",SF,1
"Unscented Bath and Body Soap Bar, 4 oz",LA,1
"Turmeric, 2.47 oz",EB,1
"Beef Meatballs, 5 count",SF,1
"Urfa Chili & Lemon Marinated Goat Cheese, 4 oz",SF,1
"Beef Hot Dogs, 4 count",LA,1
"Valencia Orange, 4 pack",LA,1
"Dried Barberries, 6 oz",SF,1
"Valencia Orange, 4 pack",SF,1
"Cheesecloth, 1 each",LA,1
"Vanilla Bean French Pudding, 3.5 oz",SF,1
"Chamomile Lemon Full-Leaf Herbal Tea, 4 oz",EB,1
"Cheese Crackers, 1 each",EB,1
"Cheese Agnolotti, 12 oz",LA,1
"Birthday Candles, 12 pack",SF,1
"Bella Vista Dark Roast Whole Bean Coffee, 12 oz",LA,1
"Vanilla Buckwheat Granola, 300 grams",LA,1
"Vanilla Buckwheat Granola, 300 grams",SF,1
Chenin Blanc Clarksburg Merritt Island 2019 CA (21+),SF,1
Champagne Blanc de Blanc NV FR (21+),SF,1
"Vanilla Coffee Creamer, 1 quart",SF,1
"While My Za'atar Gently Weeps, Middle Eastern Spice, 4 oz",EB,1
"Chamomile Lemon Full-Leaf Herbal Tea, 4 oz",SF,1
"Unsweetened Ketchup, 11.3 oz",SF,1
Beaujolais Rouge 2020 FR (21+),EB,1
Chianti Colli Senesi Tuscany 2018 Italy (21+),SF,1
"Chicken Base, 8 oz",LA,1
"Chicken Kebab Seasoning, 2 oz",EB,1
"Chicken Party Wings, 1 lb",SF,1
"Beachwood Whole Bean Coffee, 12 oz",LA,1
"Vodka Sauce, 24 oz",LA,1
"White Chocolate Chips, 13 oz",EB,1
"Birthday Cookie, 1 each",LA,1
"Chili Pepper Puffed Kelp Chips, 3.5 oz",SF,1
"Unscented Laundry Powder, 2 lb",EB,1
"Cinnamon Sticks, 1.5 oz",LA,1
"Violet & Lavender Shampoo Bar, 1 each",EB,1
"Capers with Wine, 3.88 oz",EB,1
"Baby Shampoo and Body Wash- Unscented, 8 oz",EB,1
"Caramel Sea Salt, 6.35 oz",LA,1
"Avocado Ranch Dressing, 10 oz",LA,1
"Coconut Flour, 16 oz",LA,1
"Cassava Flour, 16 oz",SF,1
"Baby Corn Pieces, 14 oz",EB,1
"Baby Corn Pieces, 14 oz",LA,1
"Baby Shampoo and Body Wash- Unscented, 8 oz",LA,1
"Whole Chocolate Milk, 1 quart",LA,1
"Black Lentils, 26 oz",LA,1
"Coconut Cacao Vegan Lip Balm, 1 oz",SF,1
"Coconut Cacao Vegan Lip Balm, 1 oz",LA,1
"Whole Cloves, 1.5 oz",SF,1
"Coconut Bottle Cleaning Brush, 1 each",SF,1
"Whole Cloves, 1.5 oz",LA,1
"Cola, 4 pack",EB,1
"Cool Friends/ Penguins Wool Dryer Balls, 6 pack",LA,1
"Assam Black Loose Leaf Tea, 3.5 oz",SF,1
"Cornmeal Medium, 22 oz",EB,1
"Caramel Sea Salt, 6.35 oz",EB,1
"Cornmeal Medium, 22 oz",SF,1
"Artisan Ghee, 8 oz",LA,1
"Very Berry Mix, 7 oz",LA,1
"Black Lentils, 26 oz",SF,1
"Arrabbiata Sauce, 24 oz",SF,1
"Tomato Paste- No Salt Added, 24.7 oz",SF,1
"Vegan Cookie Dough, 1 lb",EB,1
"Cranberry Nectar Juice, 32 oz",EB,1
"Cranberry Nectar Juice, 32 oz",LA,1
"Cranberry, Cashew, & Pecan Granola, 8 oz",LA,1
"Chana Masala, 1.5 oz",LA,1
"Cream Top Whole Milk, 1/2 gallon",SO,1
"Vegan Chili, 1 portion",EB,1
"Trail Mix, 16 oz",SF,1
"Vanilla Tiny Bite Cookies, 8oz",SF,1
"Biryani Curry Paste, 10.6 oz",SF,1
"Tuna Fillets with Jalapeno in Olive Oil, 6.7 oz",SF,1
"Whole Black Pepper, 2 oz",SF,1
"Classic Milk Chocolate Bar, 6.35 oz",EB,1
"Tuna Ventresca in Olive Oil, 6.7 oz",SF,1
"Whole Black Pepper, 2 oz",LA,1
"Bamboo Cotton Swabs, 200 count",SF,1
"Bamboo Paddle Hairbrush, 1 each",LA,1
"Bake Rise Double Acting Baking Powder, 3 oz",SF,1
"Variety Beeswax Food Wraps, 3 pack",LA,1
"Classic Dark Truffles, 4.2 oz",LA,1
"Classic Dark Truffles, 4.2 oz",EB,1
"Turmeric SuperShot, 2 oz",EB,1
"Turmeric SuperShot, 2 oz",SF,1
"Bamboo Scraping Spatula, 1 each",EB,1
"Tuna Fillets with Jalapeno in Olive Oil, 6.7 oz",LA,1
"Bamboo Charcoal Toothbrush, 1 each",SF,1
"Classic Vegan Mayo, 12 oz",SF,1
"Classic Vinaigrette Salad Dressing and Marinade, 12.5 oz",LA,1
"Vegan Cheesecake Slice, 1 each",SF,1
"Balsamic Vinegar, 16 oz",SF,1
"Cleaning Cloth- Cotton Chenille- Black, 1 each",SF,1
"Clementine Sparkling Juice, 4 pack",LA,1
"Tulsi Cinnamon Tea, 14 ct",LA,1
"Triple Berry Granola, 8 oz",SF,1
"Cloth Wipes- Natural, 12 pack",EB,1
"Cloth Wipes- Natural, 12 pack",LA,1
"Balsamic Vinegar, 16 oz",LA,1
"Black Eyed Peas, 15 oz",LA,1
"Buffalo Blue Olives, 13 oz",SF,1
"Vegan Chili Oil Sauce, 7.75 oz",LA,1
"Coconola Grain Free Paleo Coconut Granola, 8 oz",SF,1
"Clove Powder, 1.5 oz",SF,1
"Pinto Beans, 15 oz",SF,1
"Dried Black Mission Figs, 11 oz",EB,1
"Natural Bamboo Toothbrushes, 4 pack",SF,1
"Reusable Clear Sandwich Bag, 1 each",LA,1
"Reusable Clear Snack Bag, 1 each",EB,1
"Mineral Water, 25.4 oz",EB,1
"Reusable Clear Snack Bag, 1 each",SF,1
"Milk Oolong Full-Leaf Oolong Tea, 4 oz",LA,1
"Reusable Clear Stand Up Mid Bag, 1 each",LA,1
"Milk Oolong Full-Leaf Oolong Tea, 4 oz",EB,1
"Reusable Jade Sandwich Bag, 1 each",EB,1
"Milk Hazelnut Chocolate Bar 32%, 6.35 oz",EB,1
"Reusable Rose Quartz Sandwich Bag, 1 each",EB,1
"Reusable Rose Quartz Sandwich Bag, 1 each",LA,1
"Reusable Silicone Pocket, 2 pack",EB,1
"Milk Chocolate 40% Cocoa Disc, 4 oz",LA,1
"Mild Nacho Cashew Queso, 10.8 oz",SF,1
"Midnight Moon Aged Cheese, 7 oz",LA,1
"Rich Body Balm- Kumari, 2 oz",EB,1
"Rich Cleansing Bar- Marcella, 4.3 oz",EB,1
"Rich Lip Balm- Adore, 1 each",SF,1
"Rich Lip Balm- Crush, 1 each",EB,1
"Rich Lip Balm- Crush, 1 each",SF,1
"Mexican Style Chorizo, 16 oz",LA,1
"Reusable Clear Sandwich Bag, 1 each",EB,1
"Mini Pieces, 12 oz",LA,1
"Reusable Amethyst Sandwich Bag, 1 each",EB,1
"Reduced Sodium Gluten Free Soy Sauce, 10 oz",EB,1
"Red Rice, 13 oz",EB,1
"Red Rice, 13 oz",LA,1
"Red Rice, 13 oz",SF,1
"Nacho Inferno Potato Chips, 7 oz",LA,1
"Nacho Inferno Potato Chips, 7 oz",EB,1
"Nacho Cheese- Chipotle, 16 oz",LA,1
"Nacho Cheese- Chipotle, 16 oz",EB,1
"Red Tart Cherry Juice, 32 oz",SF,1
Mulatschak Orange- Osterreich 2020 Austria (21+),SF,1
"Moroccan Tagine Sauce- Chicken, 12 oz",SF,1
"Rescue Facial Oil, 1 each",SF,1
"Moroccan Tagine Sauce- Chicken, 12 oz",EB,1
"Molasses, 17 oz",SF,1
"Molasses, 17 oz",EB,1
"Mocha Cold Brew Concentrate, 32 oz",SF,1
"Mocha Cold Brew Concentrate, 32 oz",EB,1
"Refried Beans, 15 oz",SF,1
"Mixed Woodblock Chicory Napkins, set of 4",EB,1
"Refried Black Beans, 15 oz",SF,1
"Mixed Berry Low Fat Greek Yogurt, 5.3 oz",LA,1
"Mexican Sprite, 12 oz",LA,1
"Mexican Spiced Hot Chocolate Kit, 5-6 servings",SF,1
"Mexican Orange Soda, 12 oz",SF,1
"Linguine, 16 oz",LA,1
"Los Angeles Candle, 7.2 oz",LA,1
"London Broil Roast Beef, 8 oz",LA,1
"Loma Alta Cheese, 7 oz",SF,1
"Rooibos Tea, 4 oz",EB,1
"Rooibos Tea, 4 oz",SF,1
"Rose Bath Bomb, 3 each",EB,1
"Lip to Lid Balmies- Of the Earth, 3 pack",LA,1
"Lip Butter- Lavender Earl Grey, 1 each",LA,1
"Rose Water, 20 oz",SF,1
"Rosemary Crackers, 35 crackers",SF,1
"Roasted Unsalted Cashew Butter, 12 oz",SF,1
"Limeade, 32 oz",SF,1
"Rosemary Garlic Crackers, 5 oz",SF,1
"Limeade, 32 oz",LA,1
"Lime Soda, 12.5 oz",LA,1
"Lime Juice, 16 oz",SF,1
"Lime Juice, 16 oz",LA,1
"Lime Juice, 16 oz",EB,1
"Lime Dishwasher Powder, 1 lb",SF,1
"Lightly Sea Salted Mixed Nut Butter, 12 oz",LA,1
"Louisiana Hot Links, 4 count",LA,1
"M&M's, 13 oz",EB,1
"Mexican Orange Soda, 12 oz",LA,1
"Maple Pecan Butter, 12 oz",EB,1
"Mexican Orange Soda, 12 oz",EB,1
"Medium Classic Cutting and Serving Board, 1 each",LA,1
"Mean Beans Spicy Pickled Green Beans, 15 oz",SF,1
"Roasted Butternut Squash Gourmet Ravioli, 10 oz (LA)",LA,1
"Mate Latte Full-Leaf Herbal Tea, 4 oz",EB,1
"Marsala Cooking Wine, 16 oz",SF,1
"Marsala Cooking Wine, 16 oz",EB,1
"Roasted Garlic Sauce, 24 oz",LA,1
"Marcona Almonds, 4.5 oz",LA,1
"Roasted Red Chili Paste, 4 oz",SF,1
"Magnesi-Om- Berry Unstressing Drink, 4 oz",EB,1
"Roasted Tamari Almonds, 8 oz",EB,1
"Mango Pineapple Pepper Sauce, 8.5 oz",LA,1
"Roasted Tomato Chipotle Salsa, 15.75 oz",EB,1
"Roasted Tomato Chipotle Salsa, 15.75 oz",LA,1
"Roasted Tomato Chipotle Salsa, 15.75 oz",SF,1
"Mango Pineapple Pepper Sauce, 8.5 oz",EB,1
"Roasted Tomato Habanero Salsa, 15.75 oz",LA,1
"Mango Chutney, 10.6 oz",SF,1
"Mandarin Soda, 12.5 oz",EB,1
"Nacho Inferno Potato Chips, 7 oz",SF,1
"Natural Biodegradable Silk Dental Floss and Stainless Steel Metal Container, 1 each + 3 Refills",SF,1
"Strong Cold Brew Coffee, 8.5 oz",SF,1
"Natural Sisal Soap Pouch, 1 each",EB,1
"Oyster Sauce, 9.1 oz",EB,1
"Original Spreadable Goat Cheese, 4 oz",SF,1
"Organic Whole Salted and Roasted Cashews, 9 oz",LA,1
"Premium Mixers Elderflower Tonic Water, 4 x 6.8 oz",EB,1
"Premium Mixers Elderflower Tonic Water, 4 x 6.8 oz",LA,1
"Organic Whole Oat Groats, 23 oz",EB,1
"Premium Mixers Mediterranean Tonic Water, 4 x 6.8 oz",LA,1
"Organic White Rice Flour, 16 oz",LA,1
"Premium Plantain Flour, 16 oz",LA,1
"Organic White Rice Flour, 16 oz",EB,1
"Organic Vegan Dark Chocolate Pudding, 3.5 oz",SF,1
"Premium Unsweetened Coconut Cream, 5.4 oz",SF,1
"Preserved Lemons, 12.5 oz",LA,1
"Preserved Lemons, 12.5 oz",SF,1
"Probiotic Plain Goat Milk Yogurt, 4.75 oz",SF,1
"Organic Sunscreen SPF 45, 4 oz",EB,1
"Organic Spelt Flour, 22 oz",SF,1
"Probiotic Vanilla Goat Milk Yogurt, 4.75 oz",SF,1
"Organic Spelt Flour, 22 oz",LA,1
"Organic Sour Cherry Jam, 13 oz",SF,1
"Organic Red Wine Vinegar, 12.7 oz",SF,1
"Parchment Baking Paper, 70 sq ft",LA,1
"Porcini Mushroom Agnolotti, 12 oz",LA,1
"Pomegranate Tahini, 12 oz",LA,1
"Phat Beets Aromatic Pickled Beets, 15 oz",LA,1
"Pink Label X Hot Applewood Smoked Habanero Pepper Sauce, 5 oz",SF,1
"Pickled Sushi Ginger, 6.7 oz",SF,1
"Plain + Simple Coconut Yogurt, 1 each",EB,1
"Pickled Mixed Vegetables- Crunchy, 12 oz",SF,1
"Plain + Simple Coconut Yogurt, 1 each",SF,1
"Pickled Mixed Vegetables- Crunchy, 12 oz",EB,1
"Pickled Garlic- Seer Torshi, 12 oz",SF,1
"Pickled Garden Vegetables with Eggplant- Haft-e-Bijar Torshi, 16 oz",SF,1
"Pickled Cucumbers with Dill- Spicy, 24 oz",EB,1
"Phat Beets Aromatic Pickled Beets, 15 oz",EB,1
"Pomegranate Sparkling Juice, 4 pack",LA,1
"Peppermint Whitening Antiplaque Toothpaste, 5.25 oz",LA,1
"Peppermint Malted Milk Chocolate Balls, 10 oz",SF,1
"Pepper Jack Bites, 6oz",SF,1
"Peanut Butter Chips, 13 oz",LA,1
"Pastrami, 8 oz",LA,1
"Passionfruit Lemongrass Kombucha, 16oz",EB,1
"Parsley, 0.4 oz",LA,1
"Parchment Baking Sheets, 24 count",SF,1
"Polenta, 22 oz",SF,1
"Provence You've Been Gone, Herbes De Provence, 4 oz",EB,1
"Organic Raw Cacao Goji Squares, 9 oz",EB,1
"Organic Pink Lady Apple Kombucha, 16 oz",LA,1
"Norwegian Ocean Trout Fillet (Sushi Grade), 16 oz",SF,1
"Orange Marmalade, 13 oz",EB,1
"Orange Fig Spread, 9 oz",EB,1
"Raspberry Preserves, 13 oz",EB,1
"Raspberry Preserves, 13 oz",SF,1
"Olive Oil & Balsamic Vinaigrette, 8 oz",EB,1
"Raw Tahini, 12 oz",EB,1
"Raw Trail Mix, 16 oz",LA,1
"Olive Herb Gluten Free Sourdough Bread Loaf, 1 each",SF,1
Octopus Albariño Rias Baixas 2020 Spain (21+),EB,1
"Non Pareils Capers in Sea Salt, 3.5 oz",LA,1
"Ras El Hanout, 2 oz",LA,1
"Night Ritual Pillow Spray, 2 oz",EB,1
"Navy Beans, 15 oz",LA,1
"Naturals Shitake Sesame Vinaigrette, 16 oz",SF,1
"Naturals Shitake Sesame Vinaigrette, 16 oz",EB,1
"Red Enchilada Sauce, 15 oz",LA,1
"Naturals Goddess Dressing, 8 oz",LA,1
"Natural Spring Water, 16.9 oz",LA,1
"Natural Sisal Soap Pouch, 1 each",SF,1
"Natural Sisal Soap Pouch, 1 each",LA,1
"Orange Plus All Purpose Cleaner, 16 oz",LA,1
"Raos Homestyle Bolognese Sauce, 24 oz",EB,1
"Organic Pink Lady Apple Kombucha, 16 oz",EB,1
"Organic Lentil Soup- Low Sodium, 14.5 oz",EB,1
"Organic No-Chicken Noodle Soup- Low Fat, 14.1 oz",SF,1
"Pumpkin Spice Cookie Mix, 14 oz",EB,1
"Pumpkin Spice Cookie Mix, 14 oz",LA,1
"Organic No-Chicken Noodle Soup- Low Fat, 14.1 oz",EB,1
"Organic Miso Ginger Vinaigrette, 8 oz",LA,1
"Pure Lemon Juice, 16 oz",EB,1
"Pure Matcha, 40g",EB,1
"Pure Matcha, 40g",LA,1
"Organic Lentil Soup- Low Sodium, 14.5 oz",LA,1
"Queso Fresco, 7 oz",SF,1
"Oregano, 0.5 oz",SF,1
"Organic Garbanzo Beans, 29 oz",LA,1
"Organic Double Cacao Cookie Bites, 14 oz",LA,1
"Organic Dairy Free Caesar Salad Dressing, 8 oz",SF,1
"Railroad Stripe Pot Holder, 1 each",LA,1
"Organic Coco Aminos, 10oz",LA,1
"Organic Cashew Milk Concentrate Nutbase, 15 oz",SF,1
"Rainbow Sprinkles, 3 oz",SF,1
"Organic Almond Milk Concentrate Nutbase, 15 oz",EB,1
"Oreo Cookies, 5 oz",SF,1
"Light Brown Sugar, 30 oz",SF,1
"Light Amber Honey, 17 oz",SF,1
"Lemon and Herb Peri Peri Sauce, 9 oz",LA,1
"Lemon Pepper, 2 oz",EB,1
"Genmaicha Tea Loose Leaf, 4 oz",LA,1
"Gedeb Whole Bean Coffee, 12 oz",SF,1
"Gedeb Whole Bean Coffee, 12 oz",LA,1
"Sparkling Mineral Water Twist of Lime- 12 oz, 12 pack",LA,1
"Gedeb Whole Bean Coffee, 12 oz",EB,1
"Garlic Powder, 1.5 oz",SF,1
"Sparkling Natural Mineral Water, 25.3 oz",EB,1
"Garlic Peri-Peri Sauce, 9.2 oz",LA,1
"Sparkling Natural Mineral Water, 25.3 oz",SF,1
"Garbanzo Beans, 24 oz",EB,1
"Fresh Tomato & Basil Sauce, 16 oz",SF,1
"Sparkling Water- Grapefruit, 8 pack",SF,1
Pinot Noir- Russian River Valley 2019 CA (21+),EB,1
"Sparkling Water- Passionfruit, 8 pack",SF,1
"French Green Lentils, 26 oz",EB,1
"Fire Roasted Gourmet Red Peppers, 12 oz",SF,1
"Fire Roasted Gourmet Red Peppers, 12 oz",EB,1
"Fig Preserves, 13 oz",LA,1
"Fig Gluten Free Sourdough Bread Loaf, 1 each",SF,1
"Spicy Blanco Cashew Queso, 10.8 oz",EB,1
"Spicy Blanco Cashew Queso, 10.8 oz",LA,1
"Giardinieria- Spicy, 32 oz",LA,1
"Sourdough Country Loaf, 1 each",SO,1
"Ginger Beer, 12.7 oz",SF,1
"Gluten-Free Red Curry Paste, 4 oz",LA,1
"Grapefruit Baking Soda Free Deodorant Stick, 1.8 oz",LA,1
"Graham Cracker Crumbs, 8 oz",SF,1
"Sliced Bamboo Shoots, 14 oz",SF,1
"Goodlight Unscented Tea Lights, 6 pack",EB,1
"Sliced Jalapeno Peppers, 16 oz",EB,1
"Sliced Jalapeno Peppers, 16 oz",SF,1
"Gochujang Fermented Chile Paste Concentrated, Medium Heat, 10 oz",EB,1
"Goat Gouda, 7 oz",EB,1
"Gluten-Free Sweet Red Chili Dipping Sauce, 6.5 oz",EB,1
"Smoked Salmon, 16 oz",SF,1
"Ginger Boost Kombucha, 16 oz",SF,1
"Solid Seaweed Conditioner, 1 each",LA,1
"Gluten-Free Premium Fish Sauce, 6.76 oz",SF,1
"Solid Seaweed Shampoo, 1 each",SF,1
"Gluten Free, Non-Dairy Artisan Flour Blend, 22 oz",SF,1
"Gluten Free Worcestershire Sauce, 8.5 oz",EB,1
"Sour Cherry Almond Coconut Yogurt, 1 each",LA,1
"Gluten Free Peanut Butter Chocolate Chip Cookie Sandwich, 2 ct",EB,1
"Ginger-Aid Ginger Chicken Broth, 16 oz",EB,1
"Ginger Peach Full-Leaf Black Tea, 4 oz",LA,1
"Spicy Blanco Cashew Queso, 10.8 oz",SF,1
"Spicy Garlic Original Pickles, 24 oz",EB,1
"Spicy Garlic Original Pickles, 24 oz",SF,1
"Strawberry Rose Living Vinegar, 12.7 oz",EB,1
"Everything Bagel Spice, 2.5 oz",SF,1
"Everything Bagel Spice, 2.5 oz",EB,1
"Encourage Aromatherapy Soap Bar, 1 each",LA,1
"Eco-Friendly and Natural Bamboo Toothbrush, 1 each",SF,1
"Eco-Friendly and Natural Bamboo Toothbrush, 1 each",EB,1
"Strawberry Lemonade, 32 oz",SF,1
"Eco Gift Wrap Co. Cactus Watercolor Everyday Gift Wrap, 1 each",SO,1
"Eco Gift Wrap Co. Cactus Watercolor Everyday Gift Wrap, 1 each",LA,1
"Earl Grey Tea Loose Leaf, 4 oz",EB,1
"Strawberry Rose Living Vinegar, 12.7 oz",LA,1
"Extra Gentle Shampoo- Citrus, 16 oz",EB,1
"Strawberry Rose Living Vinegar, 12.7 oz",SF,1
"Dusk Sunset Candle, 1 each",EB,1
"Dry Rub & Spice Blend #2 (Chicken & Seafood), 3.5 oz",SF,1
"Strawberry Soda, 12.5 oz",SF,1
"Dried Tart Cherries, 8 oz",LA,1
"Dried Lemon Slices, 1.9 oz",LA,1
"Strip Steak, 12oz",SF,1
"Strong Cold Brew Coffee, 32 oz",EB,1
"Dried Currants, 10 oz",SF,1
"Everything Puffed Kelp Chips, 3.5 oz",SF,1
"Extra Gentle Shampoo- Citrus, 16 oz",LA,1
"Spicy Harissa, 10oz",EB,1
"Spring Water, 16.9 oz",LA,1
"Spicy Harissa, 10oz",SF,1
Fiction Rosé- Central Coast 2020 CA (21+),SF,1
"Festivus Mix, 16 oz",LA,1
"Fall Harvest Extra Virgin Olive Oil, 16 oz",LA,1
"Spirulina, 6oz",LA,1
"Fall Harvest Extra Virgin Olive Oil, 16 oz",EB,1
"Falafel Mix, 16 oz",SF,1
"Spring Water, 1 liter",LA,1
"Spring Water, 1 liter",SF,1
"Squid Ink Tonnarelli Pasta, 16 oz",LA,1
"Face Cleanser, 3.8 oz",LA,1
"Squid Ink Tonnarelli Pasta, 16 oz",SF,1
"Falafel Mix, 16 oz",EB,1
"Fair Trade Powdered Sugar, 16 oz",SF,1
"Fair Trade Powdered Sugar, 16 oz",LA,1
"Face Wash, 2.5 oz",EB,1
"St Benoit Tcho Chocolate Pots de Creme, 1 each",SF,1
"St Benoit Vanilla Pots de Creme, 3.5 oz",LA,1
"Face Toner, 3.8 oz",EB,1
"Still Spring Water, 17 oz",LA,1
"Grapefruit Mint Body Soap, 4.5 oz",EB,1
"Grapefruit Mint Body Soap, 4.5 oz",LA,1
"Grapefruit Mint Body Soap, 4.5 oz",SF,1
"Jasmine Nutritious and Repairing Hair Mask, 9 oz",LA,1
"Kissable Lips Chapstick & Lip Balm, 1 each",LA,1
"Khoresh Ghormeh Sabzi- Herb & Bean Stew, 12 oz",LA,1
"Satin Devil's Food Layer Cake, 16 oz",LA,1
"Sauerkraut, 25 oz",EB,1
"Sauerkraut, 25 oz",LA,1
"Khoresh Gheimeh- Yellow Split Pea Stew, 12 oz",LA,1
"Jumbo Green Cardamom, 1.25 oz",SF,1
"Jumbo Green Cardamom, 1.25 oz",LA,1
"Jasmine Nutritious and Repairing Hair Mask, 9 oz",SF,1
"Jasmine Green Tea, 4 oz",EB,1
"Large Classic Cutting and Serving Board, 1 each",SF,1
"Jamaican Jerk Pepper Sauce, 8.5 oz",LA,1
"Italian Balsamic Vinegar, 17 oz",SF,1
"Italian Balsamic Vinegar, 17 oz",LA,1
"Sea Salt Truffle, 4.2 oz",EB,1
"Immunity Herbal Chicken Bone Broth, 16 oz",EB,1
"IlluminEyez Eye Cream, 0.5 oz",SF,1
"Seafood Spice Rub, 4 oz",SF,1
"House Napa Cabbage Vegan Kimchi, 16 oz",SF,1
"Seasonal Mix Flower Bouquet, 1 each",SF,1
"Kitchen Twine, 200 feet",SF,1
"Laundry Detergent Sheets- Fragrance Free, 60 sheets",SF,1
"Seasoned Rice Vinegar, 12 oz",SF,1
"Lavender Laundry Powder, 2 lb",EB,1
"Rubbed Sage Leaf, 0.6 oz",SF,1
"Lemon Ginger Tiny Bite Cookies, 8oz",SF,1
"Lemon Ginger Tiny Bite Cookies, 8oz",LA,1
"Lemon Curd, 13 oz",SF,1
"Lemon Curd, 13 oz",EB,1
"Lemon Artichoke Tapenade, 7 oz",SF,1
"Lemon Artichoke Tapenade, 7 oz",EB,1
Le Gris Rosé Zaer 2019 (21+),EB,1
"Lavender Oatmeal Hand Soap, 8 oz",EB,1
"Lavender Hemp Conditioner Bar, 2.5 oz",SF,1
"Salted Caramel Truffles, 4.2 oz",SF,1
"Lavender Fields Forever, Lavender Sea Salt, 4 oz",SF,1
"Lavender Deodorant Cream, 2.4 oz",EB,1
"Lavender Coconut Milk Shampoo Bar, 4.5 oz",SF,1
"Lavender Coconut Milk Shampoo Bar, 4.5 oz",EB,1
"Lavender Bath and Body Soap, 4 oz",EB,1
"Lava Pumice Stone, 1 each",SF,1
"Laundrybugs Eco Dryer Balls, 6 pack",SF,1
"Salted Caramel Pots de Creme, 3.5 oz",EB,1
"Salted Caramel Pots de Creme, 3.5 oz",LA,1
"Seasoned Rice Vinegar, 12 oz",LA,1
"Hot Sauce, 5 oz",SF,1
"Grass Fed Milk with Rice Crunch Chocolate Bar, 2.65 oz",EB,1
"Green Salsa, 16 oz",LA,1
"Ground Korintje Cinnamon, 1.5 oz",EB,1
"Shwarma Seasoning, 2 oz",EB,1
"Shwarma Seasoning, 2 oz",LA,1
"Shwarma Seasoning, 2 oz",SF,1
"Ground Coriander, 1 oz",SF,1
"Ground Allspice, 1.5 oz",LA,1
"Ground Allspice, 1.5 oz",EB,1
"Green Salsa, 16 oz",SF,1
"Silicone Menstrual Cup- Small, 1 each",LA,1
"Green Enchilada Sauce, 15 oz",SF,1
"Ground Pork, 1 lb",SF,1
"Simply Pesto Traditional Basil Pesto Sauce, 6.35 oz",LA,1
"Simply Pesto Traditional Basil Pesto Sauce, 6.35 oz",SF,1
"Green Enchilada Sauce, 15 oz",EB,1
"Sisal Kitchen Brush- Refill Head, 1 each",SO,1
"Sisal Multipurpose Hand Brush, 1 each",SF,1
"Grass Fed Milk with Salted Almonds Chocolate Bar, 2.65 oz",SF,1
"Grass Fed Milk with Salted Almonds Chocolate Bar, 2.65 oz",EB,1
"Grass Fed Milk with Rice Crunch Chocolate Bar, 2.65 oz",SF,1
"Skittles, 13 oz",LA,1
"Ground Nutmeg, 1.5 oz",EB,1
"Ground Turmeric Root, 1.5 oz",SF,1
"Hot Mango Pickle, 10.6 oz",EB,1
"Hearts of Palm, 14 oz",SF,1
"Hot Italian Sausage, 4 count",EB,1
"Hot Curry Hummus, 9 oz",SF,1
"Honey Ginger Syrup, 4 oz",SF,1
"Honey Almond Nougat Chocolate Bar, 6.35",SF,1
"Hominy, 30 oz",SF,1
"Hibiscus Flower, 2.2 oz",EB,1
"Herb and Toma Cheese Danish, 1 each",LA,1
Heirloom Blend Dry Cider (21+),EB,1
"Heavy Whipping Cream, 1 pint",SO,1
"Hearts of Palm, 14 oz",EB,1
"Gunpowder Green Tea Loose Leaf, 4 oz",EB,1
"Shea and Coco Soap, 1 each",SF,1
"Sherry Cooking Wine, 16 oz",EB,1
"Sherry Cooking Wine, 16 oz",LA,1
"Sherry Cooking Wine, 16 oz",SF,1
"Hand Sanitizer, 16 oz",SF,1
"Hand Sanitizer, 16 oz",LA,1
"Hand Sanitizer, 16 oz",EB,1
"Ham and Cheese Croissant, 1 each",LA,1
"Gunpowder Green Tea Loose Leaf, 4 oz",LA,1
"00 Flour, 21 oz",EB,1